,house_name,house_basic_inf,house_address,house_totalprice,house_unitprice
1,春江花月 ,2室1厅_115.82平米_东南_简装_中楼层(共11层)_板楼,南星,830万,单价71663元/平米
2,复兴东苑 ,2室1厅_60.72平米_东南_简装_低楼层(共6层)_板楼,复兴,255万,单价41997元/平米
3,采荷人家 ,4室2厅_152.64平米_南北_精装_高楼层(共24层)_板楼,采荷,810万,单价53067元/平米
4,城南家园 ,1室2厅_59.95平米_西_精装_低楼层(共21层)_板楼,雄镇楼,205万,单价34196元/平米
5,十亩田家园 ,2室1厅_53.81平米_南_简装_低楼层(共7层)_板楼,复兴,206万,单价38283元/平米
6,凤凰南苑 ,2室1厅_86.51平米_南_精装_高楼层(共28层)_板楼,南星,410万,单价47394元/平米
7,坤和和家园 ,6室4厅_303平米_南北_精装_3层_板塔结合_联排别墅,西溪,1800万,单价59406元/平米
8,桃园新村 ,3室1厅_72.2平米_南_简装_6层_板楼,黄龙,450万,单价62327元/平米
9,众安景海湾 ,3室2厅_138.6平米_南_毛坯_高楼层(共29层)_板楼,萧山科技城,338万,单价24387元/平米
10,广宇上东臻品 ,3室2厅_125.23平米_南北_简装_低楼层(共16层)_板楼,丁桥,336万,单价26831元/平米
11,南都德迦西区 ,3室2厅_106.41平米_南北_简装_高楼层(共5层)_板楼,文三西路,450万,单价42290元/平米
12,良渚文化村白鹭郡北 ,6室2厅_218平米_南_毛坯_5层_板楼,良渚,450万,单价20643元/平米
13,理想康城一品 ,3室2厅_162.02平米_南_毛坯_27层_板楼,临平,495万,单价30552元/平米
14,府新花园东区 ,3室2厅_82.62平米_南西北_简装_中楼层(共5层)_板楼,文三西路,405万,单价49020元/平米
15,亲亲家园二期 ,4室2厅_164平米_南_毛坯_高楼层(共6层)_板塔结合,三墩,420万,单价25610元/平米
16,同人春江时代花园 ,3室2厅_134.38平米_南北_精装_中楼层(共9层)_板塔结合,长河,580万,单价43162元/平米
17,华元欢乐城 ,1室1厅_57.22平米_东_简装_高楼层(共37层)_板楼,临平,78万,单价13632元/平米
18,盛世嘉园 ,3室2厅_121.1平米_南北_简装_高楼层(共6层)_板塔结合,闲林,310万,单价25599元/平米
19,保利梧桐语 ,3室2厅_88.93平米_南_精装_17层_板楼,九堡,380万,单价42731元/平米
20,保利霞飞郡 ,5室2厅_196.61平米_南_毛坯_中楼层(共27层)_塔楼,萧山新城区,700万,单价35604元/平米
21,绿城蓝庭西区 ,3室2厅_127.07平米_南_毛坯_中楼层(共17层)_板塔结合,临平,315万,单价24790元/平米
22,金都夏宫 ,3室2厅_87.65平米_南_毛坯_中楼层(共32层)_板楼,临平,200万,单价22819元/平米
23,广厦天都城天泉苑 ,5室3厅_176.71平米_南_毛坯_高楼层(共5层)_板塔结合,星桥,285万,单价16129元/平米
24,金都夏宫 ,3室2厅_88.84平米_南北_精装_高楼层(共34层)_板楼,临平,230万,单价25890元/平米
25,朝阳西路15号 ,2室1厅_65.85平米_南_简装_高楼层(共5层)_板塔结合,临平,138万,单价20957元/平米
26,绿城风华苑 ,3室2厅_155平米_南北_毛坯_低楼层(共16层)_板楼,临平,300万,单价19355元/平米
27,里东山弄 ,2室1厅_56.86平米_南_精装_高楼层(共6层)_板楼,黄龙,410万,单价72107元/平米
28,东冠逸景花苑 ,2室2厅_84.54平米_南_毛坯_高楼层(共6层)_板楼,乔司,200万,单价23658元/平米
29,绿城风华苑 ,2室2厅_88平米_南_简装_中楼层(共16层)_板楼,临平,195万,单价22160元/平米
30,祥生群贤府 ,3室2厅_89.31平米_南_精装_低楼层(共25层)_板楼,崇贤,235万,单价26313元/平米
31,荣安翡翠半岛 ,3室2厅_89.91平米_南_精装_31层_板楼,崇贤,247万,单价27472元/平米
32,九龙仓碧玺 ,4室2厅_187.87平米_南_精装_31层_板楼,桥西,1400万,单价74520元/平米
33,坤和和家园 ,5室2厅_302.57平米_南_精装_3层_板塔结合_联排别墅,西溪,2300万,单价76016元/平米
34,众安理想湾 ,5室2厅_277平米_南_精装_高楼层(共33层)_板楼,临平,550万,单价19856元/平米
35,国信嘉园 ,5室2厅_229.52平米_南北_精装_4层_板塔结合,彩虹城,916万,单价39910元/平米
36,朝晖九区 ,3室1厅_71.9平米_南_精装_中楼层(共7层)_板楼,朝晖,250万,单价34771元/平米
37,中旅紫金名门 ,3室2厅_87.52平米_南_简装_33层_板塔结合,申花,375万,单价42848元/平米
38,润达花园 ,3室1厅_90.57平米_南北_简装_高楼层(共6层)_板楼,三墩,240万,单价26499元/平米
39,江南铭庭 ,2室1厅_87.58平米_南北_精装_低楼层(共23层)_板楼,白马湖,315万,单价35968元/平米
40,东茂苑 ,2室1厅_62.44平米_南北_精装_高楼层(共7层)_板楼,闸弄口,229万,单价36676元/平米
41,新西湖小镇 ,3室2厅_82.11平米_东_精装_11层_板塔结合,闲林,245万,单价29839元/平米
42,永康苑 ,2室1厅_55.33平米_南北_精装_高楼层(共7层)_板楼,建国北路,226万,单价40846元/平米
43,长睦邻里人家东苑 ,3室2厅_90.21平米_东南北_精装_中楼层(共16层)_板楼,丁桥,240万,单价26605元/平米
44,万家花园万和苑 ,2室1厅_92.25平米_东南北_简装_20层_板楼,闸弄口,380万,单价41193元/平米
45,新城山语院 ,3室2厅_89.78平米_南_精装_中楼层(共25层)_板塔结合,临平,238万,单价26510元/平米
46,星洲花园万黛兰居 ,4室2厅_161.8平米_南_精装_高楼层(共6层)_板楼,文一西路,890万,单价55007元/平米
47,胡姬花园 ,4室2厅_166.87平米_南_精装_低楼层(共6层)_板楼,临平,420万,单价25170元/平米
48,罗马公寓 ,3室2厅_123.3平米_南北_简装_低楼层(共9层)_板楼,黄龙,860万,单价69749元/平米
49,绿城莲园 ,3室2厅_128平米_南_精装_25层_板塔结合,临平,300万,单价23438元/平米
50,嘉里桦枫居南区 ,3室2厅_88.95平米_南_精装_高楼层(共17层)_板塔结合,石桥,315万,单价35414元/平米
51,山水人家白沙岛 ,3室2厅_157.08平米_南北_精装_11层_板楼,文三西路,760万,单价48383元/平米
52,康乐新村 ,2室2厅_70.38平米_南_精装_高楼层(共7层)_板楼,文三西路,308万,单价43763元/平米
53,众安嘉润公馆（杭州国际办公中心） ,5室2厅_291.58平米_南_精装_高楼层(共47层)_板楼,奥体,1350万,单价46300元/平米
54,西溪诚园明礼苑 ,3室2厅_147.46平米_南_精装_高楼层(共10层)_板楼,西溪,470万,单价31874元/平米
55,保利湾天地 ,2室2厅_71.16平米_南_精装_33层_板塔结合,沿江南,105万,单价14756元/平米
56,绿城之江1号 ,4室2厅_323.7平米_南_精装_中楼层(共23层)_塔楼,转塘,1450万,单价44795元/平米
57,紫欣华庭 ,3室2厅_102.64平米_南_精装_中楼层(共13层)_板塔结合,崇贤,168万,单价16368元/平米
58,西溪玫瑰 ,5室2厅_246.91平米_南_精装_3层_板楼_联排别墅,西溪,1550万,单价62776元/平米
59,钱江湾花园 ,4室2厅_183.12平米_南_精装_16层_板楼,浦沿,750万,单价40957元/平米
60,南岸花城 ,5室2厅_220.08平米_南_精装_1层_板楼_联排别墅,闻堰,950万,单价43167元/平米
61,春江花月 ,2室1厅_115.82平米_东南_简装_中楼层(共11层)_板楼,南星,830万,单价71663元/平米
62,复兴东苑 ,2室1厅_60.72平米_东南_简装_低楼层(共6层)_板楼,复兴,255万,单价41997元/平米
63,采荷人家 ,4室2厅_152.64平米_南北_精装_高楼层(共24层)_板楼,采荷,810万,单价53067元/平米
64,城南家园 ,1室2厅_59.95平米_西_精装_低楼层(共21层)_板楼,雄镇楼,205万,单价34196元/平米
65,十亩田家园 ,2室1厅_53.81平米_南_简装_低楼层(共7层)_板楼,复兴,206万,单价38283元/平米
66,凤凰南苑 ,2室1厅_86.51平米_南_精装_高楼层(共28层)_板楼,南星,410万,单价47394元/平米
67,坤和和家园 ,6室4厅_303平米_南北_精装_3层_板塔结合_联排别墅,西溪,1800万,单价59406元/平米
68,桃园新村 ,3室1厅_72.2平米_南_简装_6层_板楼,黄龙,450万,单价62327元/平米
69,众安景海湾 ,3室2厅_138.6平米_南_毛坯_高楼层(共29层)_板楼,萧山科技城,338万,单价24387元/平米
70,广宇上东臻品 ,3室2厅_125.23平米_南北_简装_低楼层(共16层)_板楼,丁桥,336万,单价26831元/平米
71,南都德迦西区 ,3室2厅_106.41平米_南北_简装_高楼层(共5层)_板楼,文三西路,450万,单价42290元/平米
72,府新花园东区 ,3室2厅_82.62平米_南西北_简装_中楼层(共5层)_板楼,文三西路,405万,单价49020元/平米
73,理想康城一品 ,3室2厅_162.02平米_南_毛坯_27层_板楼,临平,495万,单价30552元/平米
74,良渚文化村白鹭郡北 ,6室2厅_218平米_南_毛坯_5层_板楼,良渚,450万,单价20643元/平米
75,亲亲家园二期 ,4室2厅_164平米_南_毛坯_高楼层(共6层)_板塔结合,三墩,420万,单价25610元/平米
76,同人春江时代花园 ,3室2厅_134.38平米_南北_精装_中楼层(共9层)_板塔结合,长河,580万,单价43162元/平米
77,华元欢乐城 ,1室1厅_57.22平米_东_简装_高楼层(共37层)_板楼,临平,78万,单价13632元/平米
78,盛世嘉园 ,3室2厅_121.1平米_南北_简装_高楼层(共6层)_板塔结合,闲林,310万,单价25599元/平米
79,保利梧桐语 ,3室2厅_88.93平米_南_精装_17层_板楼,九堡,380万,单价42731元/平米
80,保利霞飞郡 ,5室2厅_196.61平米_南_毛坯_中楼层(共27层)_塔楼,萧山新城区,700万,单价35604元/平米
81,绿城蓝庭西区 ,3室2厅_127.07平米_南_毛坯_中楼层(共17层)_板塔结合,临平,315万,单价24790元/平米
82,金都夏宫 ,3室2厅_87.65平米_南_毛坯_中楼层(共32层)_板楼,临平,200万,单价22819元/平米
83,广厦天都城天泉苑 ,5室3厅_176.71平米_南_毛坯_高楼层(共5层)_板塔结合,星桥,285万,单价16129元/平米
84,金都夏宫 ,3室2厅_88.84平米_南北_精装_高楼层(共34层)_板楼,临平,230万,单价25890元/平米
85,朝阳西路15号 ,2室1厅_65.85平米_南_简装_高楼层(共5层)_板塔结合,临平,138万,单价20957元/平米
86,绿城风华苑 ,3室2厅_155平米_南北_毛坯_低楼层(共16层)_板楼,临平,300万,单价19355元/平米
87,里东山弄 ,2室1厅_56.86平米_南_精装_高楼层(共6层)_板楼,黄龙,410万,单价72107元/平米
88,东冠逸景花苑 ,2室2厅_84.54平米_南_毛坯_高楼层(共6层)_板楼,乔司,200万,单价23658元/平米
89,绿城风华苑 ,2室2厅_88平米_南_简装_中楼层(共16层)_板楼,临平,195万,单价22160元/平米
90,祥生群贤府 ,3室2厅_89.31平米_南_精装_低楼层(共25层)_板楼,崇贤,235万,单价26313元/平米
91,荣安翡翠半岛 ,3室2厅_89.91平米_南_精装_31层_板楼,崇贤,247万,单价27472元/平米
92,国信嘉园 ,5室2厅_229.52平米_南北_精装_4层_板塔结合,彩虹城,916万,单价39910元/平米
93,九龙仓碧玺 ,4室2厅_187.87平米_南_精装_31层_板楼,桥西,1400万,单价74520元/平米
94,众安理想湾 ,5室2厅_277平米_南_精装_高楼层(共33层)_板楼,临平,550万,单价19856元/平米
95,坤和和家园 ,5室2厅_302.57平米_南_精装_3层_板塔结合_联排别墅,西溪,2300万,单价76016元/平米
96,朝晖九区 ,3室1厅_71.9平米_南_精装_中楼层(共7层)_板楼,朝晖,250万,单价34771元/平米
97,中旅紫金名门 ,3室2厅_87.52平米_南_简装_33层_板塔结合,申花,375万,单价42848元/平米
98,润达花园 ,3室1厅_90.57平米_南北_简装_高楼层(共6层)_板楼,三墩,240万,单价26499元/平米
99,江南铭庭 ,2室1厅_87.58平米_南北_精装_低楼层(共23层)_板楼,白马湖,315万,单价35968元/平米
100,东茂苑 ,2室1厅_62.44平米_南北_精装_高楼层(共7层)_板楼,闸弄口,229万,单价36676元/平米
101,永康苑 ,2室1厅_55.33平米_南北_精装_高楼层(共7层)_板楼,建国北路,226万,单价40846元/平米
102,新西湖小镇 ,3室2厅_82.11平米_东_精装_11层_板塔结合,闲林,245万,单价29839元/平米
103,长睦邻里人家东苑 ,3室2厅_90.21平米_东南北_精装_中楼层(共16层)_板楼,丁桥,240万,单价26605元/平米
104,新城山语院 ,3室2厅_89.78平米_南_精装_中楼层(共25层)_板塔结合,临平,238万,单价26510元/平米
105,万家花园万和苑 ,2室1厅_92.25平米_东南北_简装_20层_板楼,闸弄口,380万,单价41193元/平米
106,罗马公寓 ,3室2厅_123.3平米_南北_简装_低楼层(共9层)_板楼,黄龙,860万,单价69749元/平米
107,山水人家白沙岛 ,3室2厅_157.08平米_南北_精装_11层_板楼,文三西路,760万,单价48383元/平米
108,嘉里桦枫居南区 ,3室2厅_88.95平米_南_精装_高楼层(共17层)_板塔结合,石桥,315万,单价35414元/平米
109,星洲花园万黛兰居 ,4室2厅_161.8平米_南_精装_高楼层(共6层)_板楼,文一西路,890万,单价55007元/平米
110,胡姬花园 ,4室2厅_166.87平米_南_精装_低楼层(共6层)_板楼,临平,420万,单价25170元/平米
111,绿城莲园 ,3室2厅_128平米_南_精装_25层_板塔结合,临平,300万,单价23438元/平米
112,康乐新村 ,2室2厅_70.38平米_南_精装_高楼层(共7层)_板楼,文三西路,308万,单价43763元/平米
113,众安嘉润公馆（杭州国际办公中心） ,5室2厅_291.58平米_南_精装_高楼层(共47层)_板楼,奥体,1350万,单价46300元/平米
114,西溪诚园明礼苑 ,3室2厅_147.46平米_南_精装_高楼层(共10层)_板楼,西溪,470万,单价31874元/平米
115,保利湾天地 ,2室2厅_71.16平米_南_精装_33层_板塔结合,沿江南,105万,单价14756元/平米
116,绿城之江1号 ,4室2厅_323.7平米_南_精装_中楼层(共23层)_塔楼,转塘,1450万,单价44795元/平米
117,紫欣华庭 ,3室2厅_102.64平米_南_精装_中楼层(共13层)_板塔结合,崇贤,168万,单价16368元/平米
118,西溪玫瑰 ,5室2厅_246.91平米_南_精装_3层_板楼_联排别墅,西溪,1550万,单价62776元/平米
119,南岸花城 ,5室2厅_220.08平米_南_精装_1层_板楼_联排别墅,闻堰,950万,单价43167元/平米
120,野风启城 ,4室2厅_159.95平米_南_毛坯_低楼层(共5层)_板楼,塘栖,330万,单价20632元/平米
121,天阳上河 ,4室2厅_139.91平米_南_精装_高楼层(共17层)_板楼,桥西,880万,单价62898元/平米
122,钱江湾花园 ,4室2厅_183.12平米_南_精装_16层_板楼,浦沿,750万,单价40957元/平米
123,国信嘉园 ,8室3厅_288.85平米_南_简装_5层_板塔结合,彩虹城,1000万,单价34621元/平米
124,东海水景城 ,3室2厅_135.8平米_西南_毛坯_高楼层(共25层)_塔楼,临平,359万,单价26436元/平米
125,北大街 ,3室1厅_60.98平米_东西_简装_中楼层(共7层)_板楼,临平,130万,单价21319元/平米
126,望城 ,3室2厅_98.17平米_南_精装_9层_板楼,良渚,256万,单价26078元/平米
127,绿城紫桂公寓 ,4室2厅_174.03平米_南_毛坯_中楼层(共17层)_板楼,星桥,355万,单价20399元/平米
128,良渚文化村白鹭郡东 ,3室2厅_125.06平米_南_简装_4层_板楼,良渚,365万,单价29186元/平米
129,一清新村 ,2室1厅_65平米_南_简装_高楼层(共6层)_板楼,湖墅,258万,单价39693元/平米
130,融创瑷骊山 ,2室1厅_81平米_南_简装_中楼层(共12层)_板楼,转塘,240万,单价29630元/平米
131,蚕花园永宁坊 ,2室1厅_67.32平米_南_简装_高楼层(共22层)_板楼,拱宸桥,170万,单价25253元/平米
132,左岸花园 ,3室2厅_114.87平米_南_简装_低楼层(共11层)_板楼,拱宸桥,380万,单价33081元/平米
133,木庵小区 ,2室1厅_60.89平米_南_简装_中楼层(共7层)_板楼,体育场路,280万,单价45985元/平米
134,新华坊社区 ,2室1厅_48.45平米_南_简装_高楼层(共7层)_板楼,丝绸城,230万,单价47472元/平米
135,雅居乐国际花园 ,4室2厅_127平米_南_毛坯_低楼层(共33层)_板楼,闲林,310万,单价24410元/平米
136,万马伊顿庄园 ,4室2厅_129.87平米_南_简装_高楼层(共25层)_塔楼,临安,216万,单价16633元/平米
137,湖山新村 ,3室2厅_90.15平米_南北_简装_中楼层(共6层)_板楼,临安,125万,单价13866元/平米
138,星汇花园 ,3室1厅_121.3平米_南_简装_高楼层(共32层)_板楼,临安,217万,单价17890元/平米
139,星汇花园 ,3室1厅_121.3平米_南_毛坯_中楼层(共32层)_板楼,临安,245万,单价20198元/平米
140,开元广场 ,3室2厅_131.65平米_南_毛坯_中楼层(共19层)_板楼,南部卧城,410万,单价31144元/平米
141,嘉绿景苑东园 ,3室1厅_106.54平米_南_简装_低楼层(共13层)_板楼,文三西路,416万,单价39047元/平米
142,中兴和园 ,2室2厅_86.84平米_南北_精装_低楼层(共10层)_板楼,彩虹城,265万,单价30516元/平米
143,宋都晨光国际 ,3室2厅_136.35平米_南_简装_31层_板楼,沿江南,335万,单价24570元/平米
144,水韵康桥康锦苑 ,2室1厅_68.57平米_南_简装_高楼层(共28层)_板楼,半山,180万,单价26251元/平米
145,林之语 ,3室2厅_139.8平米_南_简装_中楼层(共22层)_板楼,萧山科技城,290万,单价20744元/平米
146,欣景苑 ,3室1厅_112.59平米_南_简装_低楼层(共18层)_板楼,三塘,359万,单价31886元/平米
147,白马湖小区孔雀苑 ,3室2厅_129平米_南北_精装_高楼层(共18层)_板楼,白马湖,375万,单价29070元/平米
148,寰宇天下 ,3室2厅_182.13平米_南东北_毛坯_低楼层(共30层)_板楼,滨江区政府,1068万,单价58640元/平米
149,碧桂园天麓府 ,3室1厅_87.31平米_南_毛坯_低楼层(共26层)_塔楼,南部卧城,220万,单价25198元/平米
150,东南钱江蓝湾 ,3室1厅_86.69平米_南北东_毛坯_高楼层(共7层)_板楼,萧山科技城,270万,单价31146元/平米
151,金色黎明一期 ,3室1厅_83.5平米_南_精装_高楼层(共16层)_板楼,笕桥,335万,单价40120元/平米
152,双菱新村 ,2室1厅_53.9平米_南_简装_中楼层(共7层)_板楼,采荷,319万,单价59184元/平米
153,万家星城三期 ,3室2厅_88.32平米_南_毛坯_中楼层(共19层)_板楼,三塘,485万,单价54914元/平米
154,新城山语院 ,3室1厅_86.56平米_南_简装_高楼层(共25层)_板楼,临平,220万,单价25416元/平米
155,九龙仓珑玺 ,4室2厅_126.8平米_南北_毛坯_低楼层(共18层)_板塔结合,申花,830万,单价65458元/平米
156,越秀星汇尚城 ,2室1厅_74.84平米_南_精装_25层_板楼,万达广场,275万,单价36746元/平米
157,华龙家园 ,2室1厅_63.84平米_南_简装_高楼层(共7层)_平房,近江,340万,单价53259元/平米
158,旭辉滨江东方悦府 ,3室2厅_85.96平米_南_毛坯_高楼层(共19层)_板楼,湘湖,308万,单价35831元/平米
159,东园小区 ,2室1厅_43.76平米_南北_精装_中楼层(共7层)_板楼,建国北路,210万,单价47990元/平米
160,嘉里桦枫居北区 ,3室2厅_88.69平米_南_精装_低楼层(共16层)_板楼,石桥,268万,单价30218元/平米
161,庭院深深 ,3室2厅_135.22平米_南北_精装_18层_板楼,未来科技城,300万,单价22187元/平米
162,金都夏宫 ,3室2厅_89.79平米_东南南_毛坯_中楼层(共40层)_板楼,临平,205万,单价22832元/平米
163,北秀蓝湾花苑 ,3室2厅_137.9平米_南北_毛坯_11层_板楼,良渚,270万,单价19580元/平米
164,野风启城 ,3室1厅_137.14平米_南_毛坯_低楼层(共27层)_板楼,塘栖,230万,单价16772元/平米
165,宋都东郡国际嘉湾 ,3室2厅_88.49平米_南_简装_中楼层(共33层)_板楼,大学城北,258万,单价29156元/平米
166,后珠辰秀嘉园 ,3室2厅_91.86平米_南_精装_低楼层(共18层)_板楼,丁桥,242万,单价26345元/平米
167,北秀蓝湾花苑 ,3室2厅_127.99平米_南北_精装_11层_板楼,良渚,240万,单价18752元/平米
168,古荡新村东区 ,3室1厅_73.12平米_南_简装_中楼层(共6层)_板楼,古荡,290万,单价39661元/平米
169,世纪新城东区 ,1室1厅_69平米_东_简装_27层_板塔结合,嘉绿,380万,单价55073元/平米
170,保亿风景蝶院观园 ,3室1厅_87.79平米_南北_精装_高楼层(共25层)_板楼,白马湖,330万,单价37590元/平米
171,金色蓝庭 ,3室1厅_89.21平米_南_精装_21层_板楼,嘉绿,580万,单价65016元/平米
172,官河公寓 ,3室2厅_106.97平米_南_简装_低楼层(共6层)_板楼,西兴,315万,单价29448元/平米
173,融信江南学府 ,3室2厅_87.37平米_南_毛坯_高楼层(共33层)_板楼,萧山新城区,335万,单价38343元/平米
174,佳境天城境合苑 ,4室2厅_150.11平米_南_精装_低楼层(共15层)_板楼,钱江世纪城,486万,单价32377元/平米
175,奇景家苑 ,4室1厅_68.76平米_南北_精装_高楼层(共4层)_板楼,闻堰,200万,单价29087元/平米
176,城发云锦城 ,3室2厅_86.49平米_南_毛坯_23层_板楼,丁桥,247万,单价28559元/平米
177,联发藏珑玉墅 ,3室2厅_89.8平米_南北_精装_12层_板楼,良渚,325万,单价36192元/平米
178,奥克斯缔逸城 ,3室2厅_88.51平米_南_简装_31层_板楼,良渚,301万,单价34008元/平米
179,新城香悦公馆 ,3室2厅_88.64平米_南北_精装_中楼层(共33层)_板塔结合,萧山新城区,319万,单价35989元/平米
180,望梅路588号 ,3室2厅_112.63平米_东_简装_低楼层(共3层)_板楼,临平,105万,单价9323元/平米
181,万科大家世纪之光 ,3室1厅_110.41平米_南_精装_中楼层(共17层)_塔楼,钱江世纪城,570万,单价51626元/平米
182,永康苑 ,3室2厅_66.61平米_南_简装_中楼层(共7层)_板楼,建国北路,310万,单价46540元/平米
183,翠苑二区北区 ,3室1厅_71.96平米_南北_简装_低楼层(共7层)_板楼,翠苑,285万,单价39606元/平米
184,金成花园 ,3室1厅_121.6平米_南_简装_中楼层(共7层)_板楼,文一西路,530万,单价43586元/平米
185,河罕上 ,2室2厅_56.26平米_南西_精装_高楼层(共6层)_板楼,流水苑,215万,单价38216元/平米
186,保亿风景蝶院观园 ,3室1厅_87.79平米_南_简装_低楼层(共25层)_板楼,白马湖,320万,单价36451元/平米
187,大学路新村 ,2室2厅_62.51平米_南_简装_中楼层(共7层)_板塔结合,潮鸣,250万,单价39994元/平米
188,万科杭宸一期 ,3室1厅_109.19平米_东南_精装_18层_板塔结合,勾庄,485万,单价44418元/平米
189,金都花园 ,4室1厅_92.64平米_南北_简装_中楼层(共7层)_板楼,文三西路,375万,单价40480元/平米
190,金都夏宫 ,3室2厅_88.51平米_南_简装_低楼层(共33层)_板楼,临平,196万,单价22145元/平米
191,金色黎明一期 ,3室2厅_85.9平米_南_简装_高楼层(共16层)_板楼,笕桥,338万,单价39349元/平米
192,汇高栢悦中心 ,4室2厅_126.06平米_南_精装_中楼层(共32层)_板楼,临平,338万,单价26813元/平米
193,金都夏宫 ,3室1厅_89.29平米_南_毛坯_高楼层(共40层)_板楼,临平,202万,单价22623元/平米
194,九莲新村 ,3室2厅_95.62平米_南北_简装_高楼层(共6层)_板楼,九莲,398万,单价41624元/平米
195,郡枫绿园西区 ,3室2厅_83.56平米_南_简装_低楼层(共15层)_板楼,丁桥,230万,单价27526元/平米
196,海景城花园 ,3室2厅_98.79平米_东南北_简装_7层_板楼,九堡,252万,单价25509元/平米
197,现代雅苑 ,3室2厅_139.62平米_南_简装_中楼层(共9层)_板塔结合,和平,610万,单价43691元/平米
198,良渚文化村柳映坊三期 ,3室2厅_136.53平米_南_精装_5层_板楼,良渚,430万,单价31495元/平米
199,金雅苑社区 ,3室2厅_88.6平米_南北_精装_11层_板楼,九堡,288万,单价32506元/平米
200,铁建万科江湾城 ,3室2厅_86.39平米_南_精装_高楼层(共28层)_板塔结合,义桥,245万,单价28360元/平米
201,华瑞湘湖美地 ,3室2厅_108.03平米_南西北_简装_25层_塔楼,湘湖,275万,单价25456元/平米
202,沁源公寓 ,3室2厅_89.16平米_南_毛坯_高楼层(共24层)_板塔结合,星桥,225万,单价25236元/平米
203,佳境天城佳合苑 ,2室2厅_100.28平米_南_精装_高楼层(共16层)_板塔结合,钱江世纪城,370万,单价36897元/平米
204,野风海天城 ,3室2厅_122.95平米_南_精装_低楼层(共31层)_塔楼,沿江北,320万,单价26027元/平米
205,万科魅力之城 ,3室2厅_103.77平米_南北_精装_11层_板楼,九堡,312万,单价30067元/平米
206,华立和郡 ,4室2厅_132.93平米_南_精装_高楼层(共23层)_板楼,临平,300万,单价22569元/平米
207,奥兰多小镇 ,1室1厅_54.57平米_南北_精装_16层_板塔结合,湘湖,188万,单价34452元/平米
208,景翠公寓 ,2室1厅_85.1平米_南北_简装_高楼层(共11层)_板楼,石桥,238万,单价27968元/平米
209,恒大帝景 ,3室2厅_89.61平米_南_精装_低楼层(共30层)_塔楼,南部卧城,280万,单价31247元/平米
210,滨江江南名府 ,3室2厅_89.5平米_南_精装_中楼层(共27层)_板楼,萧山新城区,365万,单价40783元/平米
211,金地自在城乐活湾 ,2室2厅_79.23平米_南_精装_25层_板楼,三墩,300万,单价37865元/平米
212,大关东一苑 ,3室1厅_75.79平米_南_毛坯_高楼层(共7层)_板楼,大关,240万,单价31667元/平米
213,融信保利创世纪 ,3室2厅_89.05平米_南_精装_中楼层(共32层)_板楼,钱江世纪城,760万,单价85346元/平米
214,远洋香奈 ,3室1厅_89.47平米_南_毛坯_中楼层(共16层)_板楼,丁桥,300万,单价33531元/平米
215,东冠逸景花苑 ,3室1厅_89.02平米_南_精装_低楼层(共6层)_板楼,乔司,235万,单价26399元/平米
216,钱塘梧桐蓝山 ,4室2厅_187.46平米_南_毛坯_高楼层(共28层)_塔楼,临平,470万,单价25073元/平米
217,爱丁郡 ,4室2厅_166.21平米_南北_毛坯_中楼层(共7层)_塔楼,翡翠城,465万,单价27977元/平米
218,观邸国际 ,3室1厅_109.75平米_南东南_精装_低楼层(共33层)_板塔结合,浦沿,420万,单价38269元/平米
219,景瑞阳光城法兰公园 ,3室1厅_94.21平米_南_精装_高楼层(共24层)_板楼,临平,216万,单价22928元/平米
220,钱塘名都 ,3室2厅_144.09平米_南北_精装_高楼层(共20层)_塔楼,近江,660万,单价45805元/平米
221,沁源公寓 ,3室2厅_89.05平米_南_毛坯_高楼层(共24层)_板塔结合,星桥,220万,单价24706元/平米
222,梅苑阁小区 ,3室1厅_92.51平米_南_简装_高楼层(共7层)_板楼,文教,588万,单价63561元/平米
223,康乐新村 ,3室1厅_64.96平米_南北_简装_高楼层(共7层)_板楼,文三西路,259万,单价39871元/平米
224,木庵小区 ,2室1厅_51.37平米_南北_简装_高楼层(共7层)_板楼,体育场路,225万,单价43800元/平米
225,左岸花园 ,4室2厅_152.49平米_南_精装_中楼层(共11层)_板楼,拱宸桥,500万,单价32790元/平米
226,中天之江诚品 ,4室2厅_137.02平米_东南_毛坯_中楼层(共5层)_板楼,转塘,575万,单价41965元/平米
227,柳营花园东区 ,3室2厅_122.98平米_南北_简装_中楼层(共7层)_板楼,长庆,645万,单价52448元/平米
228,新州花苑 ,3室2厅_150.08平米_南_毛坯_中楼层(共26层)_板楼,滨江区政府,650万,单价43311元/平米
229,永康苑 ,2室1厅_49.79平米_南_简装_7层_板楼,建国北路,215万,单价43182元/平米
230,嘉泰馨庭 ,3室2厅_67.12平米_西北_精装_低楼层(共16层)_板楼,桥西,330万,单价49166元/平米
231,红街公寓 ,4室2厅_157.83平米_南北东_简装_18层_板楼,火车东站,578万,单价36622元/平米
232,融信保利创世纪 ,4室2厅_139.6平米_南_精装_中楼层(共32层)_板楼,钱江世纪城,1200万,单价85960元/平米
233,首开武林8栋 ,3室1厅_89.14平米_南北_简装_中楼层(共11层)_板楼,笕桥,330万,单价37021元/平米
234,星河景庭公寓 ,3室2厅_117.48平米_南_精装_6层_板楼,萧山市区,368万,单价31325元/平米
235,中大凤栖花园 ,2室1厅_54.02平米_南北_简装_中楼层(共7层)_板楼,潮鸣,235万,单价43503元/平米
236,左岸花园 ,3室1厅_105.35平米_南北_简装_高楼层(共6层)_板楼,拱宸桥,400万,单价37969元/平米
237,翠苑四区南园 ,3室1厅_90.83平米_南北_简装_7层_板楼,翠苑,399万,单价43929元/平米
238,耀江福村 ,3室2厅_111.49平米_南北_简装_7层_板楼,近江,550万,单价49332元/平米
239,银爵世纪公寓 ,2室1厅_89平米_南_简装_高楼层(共31层)_板楼,浦沿,328.7万,单价36933元/平米
240,翰林花园 ,3室2厅_127.38平米_南_简装_中楼层(共18层)_板楼,潮鸣,580万,单价45534元/平米
241,耀江福村 ,3室2厅_111.49平米_南北_简装_7层_板楼,近江,550万,单价49332元/平米
242,缤纷小区 ,2室2厅_82.99平米_南_精装_6层_板楼,滨江区政府,450万,单价54224元/平米
243,梦湖山庄 ,1室2厅_63.04平米_南_简装_低楼层(共9层)_板塔结合,之江,172万,单价27285元/平米
244,莫干山路 ,2室1厅_60平米_南北_简装_低楼层(共6层)_板楼,文教,420万,单价70000元/平米
245,田园牧歌麓云苑 ,3室2厅_88.95平米_南_毛坯_高楼层(共7层)_板楼,半山,325万,单价36538元/平米
246,亲亲家园二期 ,2室2厅_91.66平米_南北_精装_高楼层(共6层)_板塔结合,三墩,290万,单价31639元/平米
247,大华西溪风情 ,5室2厅_278.29平米_南_精装_3层_板塔结合_联排别墅,西溪,2800万,单价100615元/平米
248,新天地金色时光 ,3室2厅_88.69平米_南北_毛坯_高楼层(共16层)_板塔结合,火车东站,342万,单价38562元/平米
249,德信北海公园 ,3室2厅_87.63平米_南_简装_24层_塔楼,万达广场,385万,单价43935元/平米
250,金色蓝庭 ,6室2厅_227.7平米_南_精装_24层_板楼,嘉绿,1320万,单价57972元/平米
251,竹径云山二期 ,3室2厅_120.32平米_南_精装_下叠(共4层)_板楼_叠拼别墅,良渚,539万,单价44798元/平米
252,东田擎天半岛 ,3室2厅_89平米_南_毛坯_高楼层(共33层)_板楼,星桥,195万,单价21911元/平米
253,越秀景瑞悦见山 ,3室2厅_88.72平米_南_精装_高楼层(共20层)_板楼,临平,215万,单价24234元/平米
254,明江苑 ,3室2厅_116.69平米_南_精装_低楼层(共6层)_板楼,萧山新城区,260万,单价22282元/平米
255,保利东湾 ,3室2厅_103.53平米_南北_毛坯_34层_板塔结合,沿江南,280万,单价27046元/平米
256,星汇花园 ,3室2厅_89.53平米_南_简装_低楼层(共33层)_板楼,临安,210万,单价23456元/平米
257,桃源春居 ,3室2厅_115.48平米_南北_简装_高楼层(共7层)_板楼,嘉绿,408万,单价35331元/平米
258,绿城风华苑 ,3室2厅_157.65平米_南_精装_低楼层(共15层)_板楼,临平,322万,单价20425元/平米
259,金都华府 ,3室2厅_126.85平米_南_精装_中楼层(共11层)_板楼,雄镇楼,668万,单价52661元/平米
260,亲亲家园三期 ,4室2厅_139.08平米_南_精装_高楼层(共6层)_塔楼,三墩,405万,单价29120元/平米
261,翠苑一区 ,2室1厅_49.69平米_南北_简装_中楼层(共5层)_板楼,翠苑,235万,单价47294元/平米
262,水陆寺巷 ,2室1厅_55.93平米_南_简装_高楼层(共7层)_板楼,长庆,240万,单价42911元/平米
263,小河佳苑 ,2室1厅_74.49平米_南_精装_中楼层(共18层)_板塔结合,和睦,285万,单价38261元/平米
264,宝善公寓 ,1室1厅_50.05平米_南_简装_中楼层(共18层)_塔楼,建国北路,285万,单价56944元/平米
265,南肖埠北景西苑 ,3室2厅_126.31平米_南北_精装_高楼层(共6层)_板楼,南肖埠,505万,单价39981元/平米
266,锦园小区 ,2室1厅_44.5平米_西_精装_中楼层(共7层)_板楼,建国北路,198万,单价44495元/平米
267,近江家园五园 ,2室1厅_81.6平米_南_简装_低楼层(共15层)_塔楼,近江,520万,单价63726元/平米
268,朗诗国际街区 ,2室1厅_81.25平米_南_精装_高楼层(共32层)_板塔结合,沿江北,235万,单价28924元/平米
269,耀江福村 ,1室1厅_46.58平米_南北_精装_7层_板楼,近江,303万,单价65050元/平米
270,嘉里桦枫居南区 ,2室2厅_83.14平米_南北_精装_低楼层(共16层)_板塔结合,石桥,275万,单价33077元/平米
271,绿城风华苑 ,6室2厅_270平米_南北_毛坯_高楼层(共18层)_板楼,临平,560万,单价20741元/平米
272,万科郡西澜山 ,5室3厅_168.66平米_南_精装_6层_板塔结合,良渚,750万,单价44469元/平米
273,望梅路588号 ,3室2厅_112.63平米_南北_精装_低楼层(共6层)_板楼,临平,115万,单价10211元/平米
274,三里新城兰苑 ,3室2厅_117.65平米_南_简装_低楼层(共6层)_板楼,三里亭,450万,单价38250元/平米
275,滨沁公寓 ,3室1厅_88.01平米_南_毛坯_24层_板塔结合,星桥,205万,单价23293元/平米
276,小河下小区 ,3室1厅_72.09平米_南_简装_中楼层(共7层)_板楼,潮鸣,310万,单价43002元/平米
277,万和国际 ,3室2厅_131.71平米_南_精装_低楼层(共32层)_板楼,钱江世纪城,618万,单价46922元/平米
278,星汇花园 ,2室1厅_89.52平米_南_毛坯_高楼层(共34层)_板楼,临安,203万,单价22677元/平米
279,西溪景苑 ,2室2厅_80.55平米_南_毛坯_低楼层(共11层)_板楼,翡翠城,260万,单价32279元/平米
280,万科名城博园 ,3室1厅_88.06平米_南_精装_30层_板楼,勾庄,265万,单价30094元/平米
281,华夏四季 ,3室2厅_89.6平米_南_精装_低楼层(共20层)_板塔结合,未来科技城,498万,单价55581元/平米
282,沁源公寓 ,3室2厅_88.55平米_南_毛坯_24层_板塔结合,星桥,200万,单价22587元/平米
283,中南樾府 ,4室2厅_126.61平米_南_精装_高楼层(共24层)_板楼,未来科技城,800万,单价63187元/平米
284,景瑞阳光城法兰公园 ,3室2厅_89.05平米_南_精装_中楼层(共26层)_板楼,临平,216万,单价24257元/平米
285,海棠公寓 ,3室2厅_87.52平米_南_精装_16层_板楼,九堡,315万,单价35992元/平米
286,翠苑逸景湾 ,3室1厅_88.32平米_南_简装_中楼层(共26层)_塔楼,翠苑,360万,单价40761元/平米
287,阳光城上府 ,3室1厅_89.14平米_南_精装_低楼层(共34层)_塔楼,西兴,380万,单价42630元/平米
288,佳源名城 ,3室2厅_87.94平米_南_毛坯_中楼层(共28层)_板楼,崇贤,215万,单价24449元/平米
289,阳光城翡丽湾 ,3室2厅_89平米_东南_精装_中楼层(共17层)_板楼,丁桥,296万,单价33259元/平米
290,万宝城 ,2室1厅_42.71平米_南_精装_中楼层(共23层)_塔楼,临平,64万,单价14985元/平米
291,中南樾府 ,4室2厅_109.17平米_南_精装_24层_塔楼,未来科技城,643万,单价58899元/平米
292,金色蓝庭 ,4室1厅_166.74平米_南_简装_24层_板楼,嘉绿,1080万,单价64772元/平米
293,中港罗兰小镇 ,4室2厅_109.07平米_南_精装_18层_板楼,闲林,320万,单价29339元/平米
294,太平家园 ,2室2厅_91平米_南_简装_低楼层(共6层)_板楼,星桥,180万,单价19781元/平米
295,北辰国颂府 ,4室2厅_172.45平米_南_精装_高楼层(共26层)_板楼,萧山市区,899万,单价52132元/平米
296,梅堰小区 ,3室1厅_65.32平米_南_简装_6层_板楼,临平,139万,单价21280元/平米
297,万科未来城二期 ,3室2厅_87.41平米_南北_精装_11层_板楼,良渚,340万,单价38898元/平米
298,同城印象花苑东区 ,3室2厅_124.62平米_南_精装_中楼层(共5层)_板楼,未来科技城,360万,单价28888元/平米
299,贝利栖溪望府 ,3室2厅_121.63平米_南北_精装_中楼层(共21层)_板塔结合,塘栖,260万,单价21377元/平米
300,胜月院小区 ,2室1厅_61.3平米_南_简装_低楼层(共6层)_板塔结合,拱宸桥,230万,单价37521元/平米
301,奥克斯时代未来之城 ,3室2厅_130.72平米_南_精装_48层_板塔结合,未来科技城,650万,单价49725元/平米
302,北辰国颂府 ,4室2厅_172.45平米_南_精装_高楼层(共26层)_板楼,萧山市区,899万,单价52132元/平米
303,太平家园 ,2室2厅_91平米_南_简装_低楼层(共6层)_板楼,星桥,180万,单价19781元/平米
304,理想康城国际 ,3室2厅_88.14平米_南_精装_中楼层(共33层)_板楼,临平,295万,单价33470元/平米
305,卓越蔚蓝领秀二期 ,3室1厅_89.84平米_南_毛坯_中楼层(共17层)_板楼,星桥,238万,单价26492元/平米
306,景瑞阳光城法兰公园 ,3室2厅_94.07平米_南_精装_中楼层(共25层)_板楼,临平,220万,单价23387元/平米
307,星洲花园万黛兰居 ,3室2厅_112.57平米_西南_精装_中楼层(共6层)_板楼,文一西路,898万,单价79773元/平米
308,万科未来城二期 ,3室2厅_87.41平米_南北_精装_11层_板楼,良渚,340万,单价38898元/平米
309,中誉现代城 ,2室1厅_61.41平米_南_精装_中楼层(共17层)_塔楼,萧山新城区,175万,单价28497元/平米
310,众安白马山庄 ,3室1厅_86.98平米_南_毛坯_中楼层(共31层)_塔楼,小和山,224.5万,单价25811元/平米
311,都市水乡水月苑 ,2室1厅_81.7平米_南_简装_高楼层(共6层)_板楼,三墩,258万,单价31579元/平米
312,合景天銮 ,6室2厅_163.64平米_南_毛坯_低楼层(共3层)_板楼,申花,1650万,单价100832元/平米
313,越秀景瑞悦见山 ,4室2厅_135.82平米_南_毛坯_中楼层(共5层)_板楼,临平,420万,单价30924元/平米
314,东方一品公寓 ,4室2厅_221.29平米_南_简装_低楼层(共31层)_板楼,萧山新城区,640万,单价28922元/平米
315,祥生群贤府 ,4室2厅_109.78平米_南_精装_高楼层(共25层)_板楼,崇贤,283万,单价25779元/平米
316,观澜时代云邸苑 ,5室2厅_262.21平米_南_毛坯_中楼层(共36层)_塔楼,沿江南,525万,单价20023元/平米
317,万科桂语里 ,4室2厅_137.05平米_南_精装_3层_板楼_联排别墅,良渚,656万,单价47866元/平米
318,祥生群贤府 ,4室2厅_116.04平米_南_精装_低楼层(共4层)_板楼,崇贤,668万,单价57567元/平米
319,众安理想湾 ,5室2厅_219.99平米_南_毛坯_3层_板楼_联排别墅,临平,760万,单价34548元/平米
320,春天花园 ,5室2厅_170.32平米_南_简装_高楼层(共6层)_板楼,文一西路,697万,单价40923元/平米
321,禹航商城 ,5室3厅_223.75平米_南_简装_6层_塔楼,未来科技城,315万,单价14079元/平米
322,瑞金华庭嘉苑 ,4室2厅_92.84平米_南_精装_低楼层(共9层)_板楼,星桥,280万,单价30160元/平米
323,广厦天都城天风苑 ,5室2厅_174.72平米_南_毛坯_高楼层(共5层)_板楼,星桥,260万,单价14881元/平米
324,祥生群贤府 ,3室2厅_87.4平米_南_精装_高楼层(共25层)_板楼,崇贤,235万,单价26888元/平米
325,杭钢紫元旭润和府 ,3室2厅_89.09平米_南_毛坯_18层_板楼,崇贤,160万,单价17960元/平米
326,广厦天都城天熙公馆 ,6室2厅_244.93平米_南_毛坯_中楼层(共16层)_板楼,星桥,468万,单价19108元/平米
327,香樟公寓 ,4室2厅_184.34平米_南_精装_高楼层(共6层)_板塔结合,文三西路,650万,单价35261元/平米
328,东田擎天半岛 ,7室1厅_138.18平米_南_简装_30层_板楼,星桥,310万,单价22435元/平米
329,绿城蓝庭西区 ,3室2厅_138.24平米_南_简装_中楼层(共9层)_板塔结合,临平,280万,单价20255元/平米
330,中尚橄榄树花园（北区） ,3室2厅_128.09平米_南_简装_6层_板楼,崇贤,250万,单价19518元/平米
331,祥生群贤府 ,3室2厅_87.4平米_南_精装_高楼层(共25层)_板楼,崇贤,235万,单价26888元/平米
332,绿城蓝庭西区 ,3室2厅_138.24平米_南_简装_中楼层(共9层)_板塔结合,临平,280万,单价20255元/平米
333,三江鸣翠蓝湾 ,4室2厅_224.56平米_南北_简装_5层_板楼,富阳,390万,单价17368元/平米
334,万科桂语里 ,4室2厅_137.05平米_南_精装_3层_板楼_联排别墅,良渚,656万,单价47866元/平米
335,香樟公寓 ,4室2厅_184.34平米_南_精装_高楼层(共6层)_板塔结合,文三西路,650万,单价35261元/平米
336,祥生群贤府 ,4室2厅_109.78平米_南_精装_高楼层(共25层)_板楼,崇贤,282万,单价25688元/平米
337,绿城风华苑 ,4室1厅_277.83平米_南_毛坯_高楼层(共15层)_板楼,临平,570万,单价20517元/平米
338,西房拱宸外滩 ,3室2厅_88.78平米_南_精装_中楼层(共32层)_板楼,崇贤,250万,单价28160元/平米
339,朗诗美丽洲 ,5室2厅_270.81平米_南北_毛坯_4层_板楼_联排别墅,良渚,820万,单价30280元/平米
340,联发藏珑玉墅 ,4室2厅_129.48平米_东南_精装_10层_板楼,良渚,450万,单价34755元/平米
341,荣安翡翠半岛 ,4室2厅_125.76平米_南_精装_31层_板楼,崇贤,350万,单价27831元/平米
342,联发藏珑玉墅 ,3室2厅_111.71平米_南北_精装_10层_板楼,良渚,420万,单价37598元/平米
343,越秀景瑞悦见山 ,3室1厅_87.94平米_南_精装_低楼层(共20层)_板楼,临平,199万,单价22630元/平米
344,西房拱宸外滩 ,3室2厅_88.97平米_东南_精装_中楼层(共32层)_板楼,崇贤,240万,单价26976元/平米
345,万科缦云坊 ,4室2厅_87.28平米_南_精装_10层_板楼,良渚,290万,单价33227元/平米
346,赞成杭家 ,3室2厅_109平米_南_毛坯_高楼层(共24层)_板塔结合,崇贤,263万,单价24129元/平米
347,越秀景瑞悦见山 ,4室2厅_135.73平米_南_毛坯_中楼层(共5层)_板楼,临平,408万,单价30060元/平米
348,星桥桂花城 ,4室2厅_85.96平米_南_精装_高楼层(共5层)_板楼,星桥,220万,单价25594元/平米
349,祥生群贤府 ,3室2厅_87.4平米_南_精装_中楼层(共25层)_板楼,崇贤,245万,单价28033元/平米
350,远洋路劲上河宸章 ,3室2厅_138.18平米_南_毛坯_中楼层(共6层)_板楼,崇贤,340万,单价24606元/平米
351,竹径云山二期 ,4室2厅_122.68平米_南_精装_上叠(共4层)_板楼_叠拼别墅,良渚,535万,单价43610元/平米
352,绿城蓝庭西区 ,3室2厅_136平米_南_毛坯_中楼层(共11层)_板塔结合,临平,300万,单价22059元/平米
353,越秀景瑞悦见山 ,4室2厅_136.11平米_南_毛坯_中楼层(共5层)_板楼,临平,415万,单价30491元/平米
354,滨江曙光之城 ,4室3厅_158.27平米_南_精装_低楼层(共17层)_板楼,火车东站,770万,单价48652元/平米
355,保利东湾 ,4室2厅_180.22平米_南_精装_31层_塔楼,沿江南,410万,单价22750元/平米
356,荣安翡翠半岛 ,3室2厅_89.94平米_南_精装_30层_板楼,崇贤,250万,单价27797元/平米
357,西房拱宸外滩 ,3室2厅_87.25平米_南_精装_低楼层(共30层)_板楼,崇贤,245万,单价28081元/平米
358,金都夏宫 ,3室2厅_121.07平米_南_精装_低楼层(共40层)_板楼,临平,292万,单价24119元/平米
359,银河小区 ,4室2厅_170.29平米_南_精装_高楼层(共6层)_板塔结合,萧山新城区,410万,单价24077元/平米
360,祥生群贤府 ,3室2厅_88.65平米_南_精装_高楼层(共25层)_板楼,崇贤,238万,单价26848元/平米
361,祥生群贤府 ,4室2厅_143.93平米_南_精装_3层_板楼_联排别墅,崇贤,600万,单价41687元/平米
362,杭钢紫元旭润和府 ,3室2厅_89.13平米_南北_毛坯_18层_板楼,崇贤,150万,单价16830元/平米
363,竹径云山二期 ,4室2厅_122.68平米_南_精装_上叠(共4层)_板楼_叠拼别墅,良渚,535万,单价43610元/平米
364,荣安翡翠半岛 ,3室2厅_89.94平米_南_精装_30层_板楼,崇贤,250万,单价27797元/平米
365,联发藏珑玉墅 ,3室2厅_103.14平米_南北_精装_10层_板楼,良渚,430万,单价41691元/平米
366,万科劝学里 ,4室2厅_133.47平米_南北_精装_8层_板楼,良渚,388万,单价29071元/平米
367,西房拱宸外滩 ,3室2厅_88.52平米_南_精装_高楼层(共30层)_板楼,崇贤,260万,单价29372元/平米
368,广厦天都城天熙公馆 ,4室2厅_192.03平米_南_毛坯_中楼层(共16层)_板楼,星桥,370万,单价19268元/平米
369,杭钢紫元旭润和府 ,3室2厅_111.99平米_南_毛坯_18层_板楼,崇贤,185万,单价16520元/平米
370,广厦天都城天熙公馆 ,3室2厅_192.01平米_南_毛坯_中楼层(共16层)_板楼,星桥,369万,单价19218元/平米
371,锦昌年华 ,4室2厅_126.78平米_南_毛坯_中楼层(共13层)_板楼,崇贤,270万,单价21297元/平米
372,保利融信大国璟 ,4室2厅_128.76平米_南_精装_低楼层(共25层)_板楼,萧山新城区,575万,单价44657元/平米
373,祥生群贤府 ,3室2厅_88.6平米_南_精装_高楼层(共25层)_板楼,崇贤,234万,单价26411元/平米
374,水岸枫庭 ,4室2厅_174.31平米_南_精装_高楼层(共26层)_板楼,南星,1750万,单价100396元/平米
375,月桂花园 ,6室2厅_224.9平米_南_简装_低楼层(共3层)_板楼,文三西路,1060万,单价47133元/平米
376,万科桂语里 ,4室2厅_137平米_南北_精装_3层_板楼_联排别墅,良渚,650万,单价47446元/平米
377,杭钢紫元旭润和府 ,3室2厅_89.16平米_南北_毛坯_18层_板楼,崇贤,160万,单价17946元/平米
378,水韵康桥康泽苑 ,3室2厅_121.86平米_南_毛坯_中楼层(共18层)_板楼,半山,270万,单价22157元/平米
379,赞成檀府 ,3室2厅_90.53平米_南北_毛坯_中楼层(共26层)_板楼,临平,255万,单价28168元/平米
380,保利东湾 ,5室2厅_111.88平米_南_简装_34层_塔楼,沿江南,300万,单价26815元/平米
381,旭辉运河悦章 ,3室2厅_86.47平米_南_毛坯_高楼层(共27层)_板楼,崇贤,220万,单价25443元/平米
382,祥生群贤府 ,3室2厅_89.11平米_南_精装_低楼层(共25层)_板楼,崇贤,228万,单价25587元/平米
383,经纬御贤府 ,3室2厅_105.04平米_南_精装_中楼层(共11层)_板楼,崇贤,233万,单价22183元/平米
384,越秀景瑞悦见山 ,2室1厅_135.73平米_东南_毛坯_中楼层(共5层)_板楼,临平,399万,单价29397元/平米
385,融信萧山公馆 ,4室2厅_141.13平米_东南北_精装_低楼层(共19层)_板塔结合,萧山市区,569万,单价40318元/平米
386,世贸丽晶城 ,3室1厅_117平米_南_简装_低楼层(共21层)_板楼,九莲,880万,单价75214元/平米
387,通惠丽港 ,3室2厅_129.9平米_南_精装_低楼层(共18层)_板楼,萧山新城区,280万,单价21556元/平米
388,东方俊园 ,3室2厅_128.78平米_南_简装_中楼层(共6层)_板楼,临平,220万,单价17084元/平米
389,田园牧歌麓云苑 ,3室2厅_89.26平米_南_毛坯_中楼层(共14层)_板楼,半山,320万,单价35851元/平米
390,紫桂花园 ,3室2厅_137.1平米_南_精装_低楼层(共5层)_板塔结合,文一西路,750万,单价54705元/平米
391,紫桂花园 ,2室2厅_101.55平米_南_精装_中楼层(共5层)_板楼,文一西路,580万,单价57115元/平米
392,杭钢尚堂府 ,3室2厅_116.37平米_南_简装_高楼层(共23层)_板楼,半山,403万,单价34631元/平米
393,丽江公寓 ,3室2厅_149.37平米_南_精装_中楼层(共10层)_板楼,九堡,535万,单价35818元/平米
394,东方福邸 ,3室2厅_86.27平米_南_精装_高楼层(共24层)_板塔结合,申花,450万,单价52162元/平米
395,铭雅苑东区 ,3室2厅_94平米_南_精装_低楼层(共6层)_板塔结合,三墩,299万,单价31809元/平米
396,伊世纪城市花园 ,3室2厅_134.86平米_南_精装_低楼层(共6层)_板楼,临平,228万,单价16907元/平米
397,赞成首府 ,1室1厅_45.85平米_北_精装_中楼层(共22层)_板楼,临平,59.8万,单价13043元/平米
398,稻香园南区 ,3室1厅_109.4平米_东南南_简装_中楼层(共18层)_板楼,湖墅,350万,单价31993元/平米
399,风景蝶院留园 ,2室2厅_87.44平米_南北_精装_低楼层(共20层)_板楼,白马湖,338万,单价38656元/平米
400,杭钢南苑 ,2室2厅_63.43平米_南_简装_高楼层(共6层)_板楼,半山,165万,单价26013元/平米
401,和睦新村 ,2室1厅_57.25平米_南_简装_低楼层(共6层)_板楼,和睦,202万,单价35284元/平米
402,广宇上东领地 ,2室2厅_80.76平米_南_精装_中楼层(共16层)_板楼,丁桥,255万,单价31576元/平米
403,华藏寺巷 ,2室1厅_47.48平米_南_精装_中楼层(共7层)_板楼,潮鸣,213万,单价44861元/平米
404,运河天城国际 ,2室2厅_88.26平米_南北_精装_中楼层(共28层)_板楼,三里亭,420万,单价47587元/平米
405,北城枫景园 ,2室1厅_62.97平米_南_简装_高楼层(共17层)_板楼,丁桥,170万,单价26997元/平米
406,绿城蓝庭西区 ,4室2厅_78.83平米_南_毛坯_中楼层(共5层)_板塔结合,临平,200万,单价25372元/平米
407,长睦邻里人家西苑 ,3室1厅_85.46平米_南_简装_高楼层(共16层)_板楼,丁桥,220万,单价25744元/平米
408,德胜新村 ,2室1厅_59.61平米_南_精装_高楼层(共7层)_板塔结合,德胜,188万,单价31539元/平米
409,杉杉恒和依山郡 ,2室1厅_86.22平米_南_精装_11层_板塔结合,未来科技城,105万,单价12179元/平米
410,江南铭庭 ,2室2厅_86.61平米_西南北_精装_高楼层(共27层)_板楼,白马湖,305万,单价35216元/平米
411,蚕花园永宁坊 ,1室1厅_37.13平米_南_简装_中楼层(共7层)_板楼,拱宸桥,133万,单价35821元/平米
412,大学路新村 ,2室1厅_48.01平米_南东北_简装_中楼层(共6层)_板塔结合,潮鸣,170万,单价35410元/平米
413,中天之江诚品 ,2室1厅_76.75平米_南北_简装_高楼层(共17层)_板楼,转塘,306万,单价39870元/平米
414,十五家园 ,2室1厅_53.9平米_南_精装_低楼层(共7层)_板楼,丝绸城,238万,单价44156元/平米
415,翰林花园 ,2室1厅_57.21平米_南_精装_高楼层(共7层)_板楼,潮鸣,260万,单价45447元/平米
416,翠苑一区 ,2室1厅_49.38平米_南北_简装_高楼层(共7层)_板楼,翠苑,215万,单价43540元/平米
417,清泰街小区 ,2室1厅_53.34平米_南东南_精装_高楼层(共7层)_板楼,潮鸣,215万,单价40308元/平米
418,华天苑 ,2室1厅_63.9平米_南_精装_低楼层(共16层)_板楼,丁桥,173万,单价27074元/平米
419,风情街小区 ,2室1厅_55.61平米_南北_简装_中楼层(共5层)_板楼,湘湖,135万,单价24277元/平米
420,北城枫景园 ,2室1厅_61.47平米_南_精装_高楼层(共17层)_板楼,丁桥,185万,单价30096元/平米
421,朝晖七区 ,2室1厅_75.51平米_南北_简装_7层_板楼,朝晖,245万,单价32447元/平米
422,青春坊 ,2室1厅_46.02平米_南北_简装_中楼层(共7层)_板楼,长庆,212万,单价46067元/平米
423,中海钱塘山水 ,3室2厅_89.13平米_南_精装_低楼层(共32层)_板楼,浦沿,365万,单价40952元/平米
424,朗诗未来街区 ,2室1厅_72.47平米_南_简装_低楼层(共18层)_板楼,乔司,205万,单价28288元/平米
425,闸弄口新村 ,2室1厅_33.65平米_南_简装_高楼层(共6层)_板楼,闸弄口,145万,单价43091元/平米
426,经纬玲珑家园 ,2室2厅_88.17平米_南_简装_6层_板塔结合,临平,168万,单价19055元/平米
427,翰林花园 ,2室1厅_59.32平米_南_简装_低楼层(共6层)_板楼,潮鸣,280万,单价47202元/平米
428,都市阳光嘉苑 ,2室2厅_63.28平米_南北_精装_18层_板塔结合,良渚,185万,单价29236元/平米
429,翠苑四区 ,2室1厅_52.03平米_南_精装_中楼层(共7层)_板楼,翠苑,239万,单价45936元/平米
430,荣华里 ,2室1厅_50.7平米_南_简装_中楼层(共6层)_板楼,拱宸桥,180万,单价35503元/平米
431,师苑新村 ,2室1厅_76.17平米_南_简装_高楼层(共7层)_板楼,文教,680万,单价89274元/平米
432,蓝桥名苑 ,2室2厅_95.85平米_南_精装_中楼层(共15层)_板楼,九堡,265万,单价27648元/平米
433,新星小区 ,3室1厅_72.28平米_南北_简装_5层_板楼,三墩,225万,单价31129元/平米
434,田园公寓 ,2室1厅_56.78平米_南_简装_中楼层(共7层)_板楼,半山,152万,单价26770元/平米
435,霞湾巷小区 ,2室2厅_72.87平米_南_简装_高楼层(共18层)_塔楼,大关,312万,单价42816元/平米
436,翰林花园 ,2室1厅_57.21平米_南_精装_高楼层(共7层)_板楼,潮鸣,260万,单价45447元/平米
437,清泰街小区 ,2室1厅_53.34平米_南东南_精装_高楼层(共7层)_板楼,潮鸣,215万,单价40308元/平米
438,翠苑一区 ,2室1厅_49.38平米_南北_简装_高楼层(共7层)_板楼,翠苑,215万,单价43540元/平米
439,华天苑 ,2室1厅_63.9平米_南_精装_低楼层(共16层)_板楼,丁桥,173万,单价27074元/平米
440,大关南三苑 ,2室1厅_53.78平米_南北_简装_低楼层(共7层)_板楼,大关,181万,单价33656元/平米
441,天园阁 ,2室1厅_80.5平米_南_精装_中楼层(共20层)_塔楼,建国北路,265万,单价32920元/平米
442,久睦苑 ,2室2厅_61.43平米_南_简装_中楼层(共17层)_板楼,丁桥,167万,单价27186元/平米
443,保亿风景蝶院观园 ,2室2厅_85.69平米_南_简装_中楼层(共12层)_板楼,白马湖,310万,单价36177元/平米
444,久睦苑 ,2室2厅_61.26平米_南_简装_中楼层(共16层)_板楼,丁桥,167万,单价27261元/平米
445,民安苑 ,2室1厅_46.08平米_南_简装_中楼层(共6层)_板楼,复兴,198万,单价42969元/平米
446,复地连城国际 ,2室1厅_87.38平米_南北_毛坯_14层_板塔结合,乔司,212万,单价24262元/平米
447,名城燕园 ,2室2厅_84.75平米_南_简装_中楼层(共18层)_板楼,桥西,388万,单价45782元/平米
448,民安苑 ,2室1厅_43.74平米_东南_简装_中楼层(共6层)_板楼,复兴,195万,单价44582元/平米
449,风景蝶院留园 ,2室1厅_55.19平米_南_精装_低楼层(共20层)_板楼,白马湖,224万,单价40588元/平米
450,大学路新村 ,2室1厅_45.6平米_西北_精装_高楼层(共6层)_板塔结合,潮鸣,173万,单价37939元/平米
451,翠苑四区 ,2室1厅_52.78平米_东南南_简装_中楼层(共7层)_板楼,翠苑,230万,单价43578元/平米
452,奥克斯缔逸城 ,2室2厅_74.29平米_南_精装_31层_板楼,良渚,265万,单价35672元/平米
453,建国公寓 ,2室1厅_59.21平米_南_简装_高楼层(共20层)_塔楼,潮鸣,262万,单价44250元/平米
454,君奥名邸 ,3室2厅_73.82平米_南北_精装_低楼层(共28层)_板塔结合,萧山开发区,228万,单价30886元/平米
455,蓝天城市花园 ,2室1厅_77.32平米_南_简装_低楼层(共7层)_塔楼,三里亭,300万,单价38800元/平米
456,久睦苑 ,2室2厅_61.43平米_南_简装_中楼层(共17层)_板楼,丁桥,167万,单价27186元/平米
457,保亿风景蝶院观园 ,2室2厅_85.69平米_南_简装_中楼层(共12层)_板楼,白马湖,310万,单价36177元/平米
458,荣华里 ,2室1厅_50.67平米_南_精装_中楼层(共5层)_板楼,拱宸桥,172万,单价33946元/平米
459,民安苑 ,2室1厅_46.08平米_南_简装_中楼层(共6层)_板楼,复兴,198万,单价42969元/平米
460,逸居城 ,2室2厅_84.96平米_南_精装_11层_板塔结合,勾庄,233万,单价27425元/平米
461,吉庆院 ,2室1厅_38.18平米_南_简装_7层_板楼,拱宸桥,139万,单价36407元/平米
462,滨江新希望新城未来海岸 ,3室1厅_93平米_南_精装_高楼层(共20层)_板楼,大江东,223万,单价23979元/平米
463,杭钢北苑 ,1室1厅_45.08平米_南北_简装_低楼层(共4层)_板楼,半山,115万,单价25511元/平米
464,良渚文化村探梅里B ,2室1厅_87.7平米_南_精装_6层_板楼,良渚,255万,单价29077元/平米
465,景冉佳园 ,2室2厅_81.36平米_南_简装_中楼层(共30层)_板塔结合,高教园区东,290万,单价35645元/平米
466,定海东园 ,2室2厅_88.45平米_南_毛坯_低楼层(共15层)_板楼,拱宸桥,308万,单价34822元/平米
467,临江花园 ,2室2厅_88.51平米_南北_精装_高楼层(共29层)_塔楼,彩虹城,330万,单价37284元/平米
468,大浒东苑 ,1室1厅_40.12平米_南_简装_高楼层(共17层)_板塔结合,大关,166万,单价41376元/平米
469,文二路62号 ,2室1厅_48.66平米_南北_简装_6层_板楼,文教,392万,单价80559元/平米
470,东园小区 ,2室1厅_43.43平米_南北_简装_中楼层(共7层)_板楼,建国北路,187万,单价43058元/平米
471,贺田尚城 ,2室2厅_97.22平米_南_精装_中楼层(共11层)_板楼,浦沿,400万,单价41144元/平米
472,翡翠城一期 ,4室1厅_169.57平米_南北_精装_5层_板塔结合,翡翠城,636万,单价37507元/平米
473,阳光逸城 ,2室2厅_78.55平米_南_精装_低楼层(共14层)_板楼,丁桥,188万,单价23934元/平米
474,翠苑五区 ,2室1厅_79.26平米_南北_精装_中楼层(共7层)_板楼,翠苑,300万,单价37851元/平米
475,大学路新村 ,1室1厅_36.32平米_南北_简装_低楼层(共7层)_板塔结合,潮鸣,143万,单价39373元/平米
476,横燕子弄 ,2室1厅_46.6平米_南_简装_中楼层(共7层)_板楼,长庆,217万,单价46567元/平米
477,蓝桥名苑 ,2室1厅_88.71平米_南_简装_低楼层(共17层)_板楼,九堡,232万,单价26153元/平米
478,星汇荣邸 ,2室1厅_89平米_南_精装_中楼层(共29层)_板楼,浦沿,340万,单价38203元/平米
479,保利江语海 ,1室1厅_58.87平米_南北_简装_高楼层(共32层)_板塔结合,高教园区东,270万,单价45864元/平米
480,滨江西溪之星 ,4室2厅_128.09平米_南_精装_中楼层(共7层)_板塔结合,西溪,768万,单价59958元/平米
481,青山湖玫瑰园 ,4室2厅_206.8平米_南_毛坯_2层_板塔结合_独栋别墅,临安,780万,单价37718元/平米
482,武林巷37号 ,1室1厅_49.69平米_南_简装_低楼层(共5层)_板楼,文三,500万,单价100624元/平米
483,万科西庐一期 ,3室2厅_89.52平米_南_精装_中楼层(共11层)_板塔结合,西溪,700万,单价78195元/平米
484,锦绣兰庭(临安) ,3室2厅_118平米_东南南西南_精装_中楼层(共7层)_板楼,临安,185万,单价15678元/平米
485,运新花苑二区 ,3室2厅_138.18平米_南北_简装_高楼层(共18层)_塔楼,景芳,890万,单价64409元/平米
486,宝善公寓 ,3室2厅_145.98平米_东南北_精装_高楼层(共25层)_塔楼,建国北路,750万,单价51377元/平米
487,华瑞晴庐 ,3室2厅_89.29平米_南_精装_中楼层(共31层)_塔楼,萧山新城区,335万,单价37519元/平米
488,三里家园一区 ,3室2厅_118.06平米_南_精装_中楼层(共16层)_塔楼,三里亭,388万,单价32865元/平米
489,金色黎明一期 ,3室2厅_134.99平米_南_精装_中楼层(共16层)_板楼,笕桥,598万,单价44300元/平米
490,绿城之江1号 ,2室2厅_88.53平米_南北_精装_低楼层(共18层)_板楼,转塘,395万,单价44618元/平米
491,南岸花城 ,3室2厅_132.04平米_南北_精装_中楼层(共10层)_板楼,闻堰,265万,单价20070元/平米
492,美好桂花金座 ,3室2厅_137.45平米_南_精装_22层_板楼,星桥,320万,单价23282元/平米
493,美之园西区 ,3室2厅_110平米_北南西_精装_中楼层(共11层)_板塔结合,湘湖,275万,单价25000元/平米
494,龙湖春江天玺 ,3室1厅_89.46平米_南_精装_中楼层(共34层)_塔楼,萧山新城区,490万,单价54774元/平米
495,景洲公寓 ,2室1厅_84.48平米_南北_简装_中楼层(共11层)_板楼,石桥,260万,单价30777元/平米
496,亿丰蔚蓝郡 ,3室2厅_84.07平米_南北_毛坯_23层_板楼,良渚,295万,单价35090元/平米
497,大关东八苑 ,3室1厅_64.54平米_南_精装_高楼层(共7层)_板楼,大关,215万,单价33313元/平米
498,通和戈雅公寓 ,2室2厅_94.43平米_南北_精装_低楼层(共5层)_板楼,闻堰,255万,单价27005元/平米
499,长睦邻里人家西苑 ,3室1厅_85.02平米_南_精装_中楼层(共16层)_板楼,丁桥,232万,单价27288元/平米
500,丁桥大唐苑 ,3室2厅_101.09平米_南北_精装_中楼层(共6层)_板楼,丁桥,285万,单价28193元/平米
501,圣奥领寓 ,3室1厅_86.98平米_南北_简装_中楼层(共17层)_板楼,九堡,312.8万,单价35963元/平米
502,丁桥颐景园 ,3室2厅_87.48平米_南北_简装_低楼层(共13层)_板楼,丁桥,249万,单价28464元/平米
503,桃园新村 ,3室1厅_72.72平米_南_简装_4层_板楼,黄龙,510万,单价70133元/平米
504,广厦天都城天星苑 ,2室2厅_85.08平米_南北_精装_中楼层(共16层)_板楼,星桥,215万,单价25271元/平米
505,中国铁建国际花园 ,3室1厅_88.1平米_南北_精装_高楼层(共16层)_板楼,九堡,340万,单价38593元/平米
506,金汇公寓 ,3室2厅_100.76平米_南_简装_中楼层(共5层)_板楼,未来科技城,250万,单价24812元/平米
507,大家绿城金麟府 ,3室2厅_115.44平米_南_精装_中楼层(共18层)_板楼,拱宸桥,760万,单价65836元/平米
508,雅仕苑 ,3室2厅_107平米_南_简装_高楼层(共6层)_板楼,文一西路,510万,单价47664元/平米
509,铂金名筑 ,3室1厅_89.78平米_南北_精装_低楼层(共12层)_板塔结合,长河,375万,单价41769元/平米
510,首开国风美域 ,3室2厅_87.93平米_南_精装_中楼层(共30层)_板楼,申花,400万,单价45491元/平米
511,天成嘉苑 ,3室2厅_112.76平米_南北_简装_高楼层(共11层)_板楼,三里亭,415万,单价36804元/平米
512,金都花园 ,3室1厅_124.36平米_南北_精装_中楼层(共7层)_板楼,文三西路,460万,单价36990元/平米
513,中国铁建国际花园 ,3室1厅_88.1平米_南北_精装_高楼层(共16层)_板楼,九堡,340万,单价38593元/平米
514,金汇公寓 ,3室2厅_100.76平米_南_简装_中楼层(共5层)_板楼,未来科技城,250万,单价24812元/平米
515,绿城西子郁金香岸 ,4室2厅_159.71平米_南_精装_高楼层(共22层)_平房,闻堰,495万,单价30994元/平米
516,赛丽绿城丽园 ,3室1厅_158.47平米_南_精装_高楼层(共9层)_板楼,鼓楼,1300万,单价82035元/平米
517,平海公寓 ,4室2厅_190.61平米_南北_精装_中楼层(共19层)_板楼,湖滨,1350万,单价70826元/平米
518,北国之春人家 ,3室2厅_138.8平米_南_简装_中楼层(共16层)_塔楼,拱宸桥,549万,单价39554元/平米
519,新城红郡 ,3室1厅_86.57平米_南_毛坯_中楼层(共23层)_塔楼,丁桥,251万,单价28994元/平米
520,首开武林8栋 ,3室1厅_89.33平米_南_简装_中楼层(共11层)_板楼,笕桥,330万,单价36942元/平米
521,冠宇隽园 ,3室1厅_89平米_南_精装_高楼层(共15层)_板楼,丁桥,278万,单价31236元/平米
522,塘栖嘉园 ,3室2厅_129平米_南_毛坯_6层_板楼,塘栖,180万,单价13954元/平米
523,环岛公寓 ,3室2厅_125.34平米_南_简装_中楼层(共7层)_板楼,临平,215万,单价17154元/平米
524,万科草庄 ,3室2厅_132.5平米_南_精装_高楼层(共16层)_板楼,笕桥,550万,单价41510元/平米
525,南肖埠文景苑 ,3室2厅_143.92平米_南北_精装_低楼层(共18层)_板楼,华家池,700万,单价48639元/平米
526,宋都香悦郡 ,3室1厅_88.58平米_南_精装_中楼层(共28层)_板塔结合,半山,345万,单价38948元/平米
527,东和云第 ,3室1厅_86.58平米_南_简装_中楼层(共32层)_板楼,浦沿,322万,单价37192元/平米
528,铂金名筑 ,3室1厅_89.78平米_南北_精装_低楼层(共12层)_板塔结合,长河,375万,单价41769元/平米
529,复地连城国际 ,3室1厅_88.26平米_南_精装_15层_板塔结合,乔司,238万,单价26966元/平米
530,良渚文化村白鹭郡北 ,3室2厅_140平米_南北_毛坯_5层_板楼,良渚,320万,单价22858元/平米
531,石榴派 ,3室2厅_89.5平米_南北_精装_11层_板楼,良渚,280万,单价31285元/平米
532,田园牧歌听泉苑 ,3室2厅_89.12平米_南_精装_中楼层(共9层)_板楼,半山,347万,单价38937元/平米
533,湖漫雅筑 ,3室2厅_89.69平米_南北_精装_中楼层(共11层)_板楼,白马湖,420万,单价46828元/平米
534,罗兰春天 ,3室2厅_86.3平米_南北_精装_中楼层(共16层)_板楼,九堡,288万,单价33372元/平米
535,万和国际 ,4室2厅_131.68平米_南_简装_中楼层(共32层)_板楼,钱江世纪城,585万,单价44426元/平米
536,广厦天都城天泉苑 ,3室2厅_130.56平米_南_精装_中楼层(共5层)_板塔结合,星桥,248万,单价18996元/平米
537,万家星城一期 ,3室2厅_88.78平米_南北_精装_低楼层(共22层)_板楼,三塘,450万,单价50688元/平米
538,富越香郡 ,3室2厅_88.48平米_南_精装_低楼层(共32层)_塔楼,桥西,600万,单价67812元/平米
539,世茂江滨花园碧景湾 ,3室2厅_89.22平米_南北_简装_33层_板塔结合,沿江南,268万,单价30039元/平米
540,北景园枫丹苑 ,2室2厅_88.36平米_南_简装_中楼层(共18层)_板楼,石桥,260万,单价29426元/平米
541,万和国际 ,4室2厅_131.68平米_南_简装_中楼层(共32层)_板楼,钱江世纪城,585万,单价44426元/平米
542,世茂江滨花园碧景湾 ,3室2厅_89.22平米_南北_简装_33层_板塔结合,沿江南,268万,单价30039元/平米
543,富越香郡 ,3室2厅_88.48平米_南_精装_低楼层(共32层)_塔楼,桥西,600万,单价67812元/平米
544,万家星城三期 ,3室2厅_88.9平米_南_精装_高楼层(共18层)_板楼,三塘,520万,单价58493元/平米
545,广厦天都城天泉苑 ,3室2厅_130.56平米_南_精装_中楼层(共5层)_板塔结合,星桥,248万,单价18996元/平米
546,名城燕园 ,3室1厅_87.91平米_南_精装_低楼层(共11层)_板楼,桥西,380万,单价43227元/平米
547,万科草庄 ,3室2厅_132.5平米_南_精装_高楼层(共16层)_板楼,笕桥,550万,单价41510元/平米
548,金都花园 ,3室1厅_124.36平米_南北_精装_中楼层(共7层)_板楼,文三西路,460万,单价36990元/平米
549,北景园枫丹苑 ,2室2厅_88.36平米_南_简装_中楼层(共18层)_板楼,石桥,260万,单价29426元/平米
550,风景蝶院留园 ,2室1厅_78.27平米_南北_精装_高楼层(共20层)_板楼,白马湖,268万,单价34241元/平米
551,红垦小区 ,2室2厅_82.91平米_南_精装_中楼层(共6层)_板楼,萧山科技城,210万,单价25329元/平米
552,大华海派风景 ,3室2厅_90.56平米_南_精装_中楼层(共13层)_塔楼,万达广场,380万,单价41962元/平米
553,盛世钱塘 ,3室2厅_161.76平米_南北_简装_中楼层(共32层)_塔楼,钱江新城,1050万,单价64911元/平米
554,金都夏宫 ,3室1厅_87.7平米_南_精装_低楼层(共32层)_板楼,临平,215万,单价24516元/平米
555,万家星城一期 ,3室2厅_89.12平米_南_精装_高楼层(共22层)_板楼,三塘,460万,单价51616元/平米
556,滨江金色江南 ,3室2厅_89.19平米_东东南_精装_低楼层(共27层)_板楼,钱江世纪城,560万,单价62788元/平米
557,时代长岛之春 ,3室2厅_128平米_南_精装_低楼层(共6层)_板楼,浦沿,365万,单价28516元/平米
558,阳光郡 ,3室2厅_89.09平米_南北_精装_中楼层(共28层)_板楼,三墩,385万,单价43215元/平米
559,绿洲花园 ,3室2厅_113.43平米_南_简装_中楼层(共16层)_塔楼,流水苑,578万,单价50957元/平米
560,亿丰蔚蓝郡 ,3室2厅_85.93平米_南北_精装_23层_板楼,良渚,300万,单价34913元/平米
561,寰宇天下 ,2室2厅_89.16平米_南_简装_34层_板楼,滨江区政府,470万,单价52715元/平米
562,华瑞锦鸿苑 ,3室2厅_145.9平米_南西北_毛坯_中楼层(共5层)_板楼,萧山开发区,185万,单价12680元/平米
563,翠苑三区 ,3室1厅_72.07平米_南北_精装_高楼层(共6层)_板楼,翠苑,302万,单价41904元/平米
564,江涛阁 ,3室2厅_112.42平米_南_精装_低楼层(共18层)_塔楼,彩虹城,410万,单价36471元/平米
565,三塘桃园 ,3室1厅_95.28平米_南_精装_中楼层(共6层)_板楼,三塘,362万,单价37994元/平米
566,东新园新湖苑 ,2室2厅_97.55平米_南北_简装_中楼层(共16层)_板楼,三塘,335万,单价34342元/平米
567,亲亲家园三期 ,4室1厅_138.36平米_南北东_精装_中楼层(共7层)_塔楼,三墩,430万,单价31079元/平米
568,云厦连园 ,3室2厅_88平米_南_简装_低楼层(共12层)_板楼,西兴,318万,单价36137元/平米
569,星火小区 ,3室2厅_89.13平米_南北_简装_高楼层(共6层)_板楼,临平,151万,单价16942元/平米
570,广宇东承府 ,4室2厅_137.53平米_南北_精装_高楼层(共17层)_板楼,丁桥,455万,单价33084元/平米
571,良渚文化村七贤郡 ,3室1厅_88.21平米_南_精装_9层_板楼,良渚,240万,单价27208元/平米
572,北景园枫丹苑 ,2室2厅_88.36平米_南_简装_中楼层(共18层)_板楼,石桥,260万,单价29426元/平米
573,万和国际 ,4室2厅_131.68平米_南_简装_中楼层(共32层)_板楼,钱江世纪城,585万,单价44426元/平米
574,金雅苑社区 ,3室1厅_88.88平米_南_精装_11层_板楼,九堡,275万,单价30941元/平米
575,嘉泰馨庭 ,3室1厅_109.67平米_东南_简装_中楼层(共18层)_板楼,桥西,535万,单价48783元/平米
576,天阳尚景国际 ,3室2厅_93.82平米_南东南_精装_低楼层(共24层)_板塔结合,申花,660万,单价70348元/平米
577,广宇东承府 ,4室2厅_137.53平米_南北_精装_高楼层(共17层)_板楼,丁桥,455万,单价33084元/平米
578,东海水景城 ,3室2厅_111.03平米_南_精装_高楼层(共29层)_板楼,临平,305万,单价27471元/平米
579,钱塘梧桐蓝山 ,3室1厅_125.13平米_南_简装_中楼层(共32层)_塔楼,临平,340万,单价27172元/平米
580,玺之湾 ,3室1厅_89.23平米_南_精装_高楼层(共17层)_板楼,丁桥,279万,单价31268元/平米
581,杭州碧桂园 ,2室2厅_81.62平米_南_简装_高楼层(共32层)_塔楼,大学城北,205万,单价25117元/平米
582,三塘桃园 ,3室1厅_95.28平米_南_精装_中楼层(共6层)_板楼,三塘,362万,单价37994元/平米
583,星火小区 ,3室2厅_89.13平米_南北_简装_高楼层(共6层)_板楼,临平,151万,单价16942元/平米
584,云厦连园 ,3室2厅_88平米_南_简装_低楼层(共12层)_板楼,西兴,318万,单价36137元/平米
585,亿丰蔚蓝郡 ,3室2厅_85.93平米_南北_精装_23层_板楼,良渚,300万,单价34913元/平米
586,华瑞锦鸿苑 ,3室2厅_145.9平米_南西北_毛坯_中楼层(共5层)_板楼,萧山开发区,185万,单价12680元/平米
587,翠苑三区 ,3室1厅_72.07平米_南北_精装_高楼层(共6层)_板楼,翠苑,302万,单价41904元/平米
588,大华海派风景 ,3室2厅_90.56平米_南_精装_中楼层(共13层)_塔楼,万达广场,380万,单价41962元/平米
589,体育场路178-418号 ,3室1厅_75.81平米_东西_简装_中楼层(共6层)_板塔结合,武林,320万,单价42211元/平米
590,天都花园 ,3室2厅_116.99平米_南_简装_中楼层(共7层)_板楼,临平,205万,单价17523元/平米
591,江涛阁 ,3室2厅_112.42平米_南_精装_低楼层(共18层)_塔楼,彩虹城,410万,单价36471元/平米
592,东新园新湖苑 ,2室2厅_97.55平米_南北_简装_中楼层(共16层)_板楼,三塘,335万,单价34342元/平米
593,寰宇天下 ,2室2厅_89.16平米_南_简装_34层_板楼,滨江区政府,470万,单价52715元/平米
594,融信杭州公馆 ,3室1厅_88.72平米_南_毛坯_低楼层(共30层)_板塔结合,文教,700万,单价78900元/平米
595,绿都御景蓝湾 ,3室2厅_88.97平米_南_精装_低楼层(共27层)_板塔结合,义桥,240万,单价26976元/平米
596,万家星城一期 ,3室2厅_89.12平米_南_精装_高楼层(共22层)_板楼,三塘,460万,单价51616元/平米
597,盛世钱塘 ,3室2厅_161.76平米_南北_简装_中楼层(共32层)_塔楼,钱江新城,1050万,单价64911元/平米
598,鸥江公寓 ,3室1厅_83.88平米_南_简装_高楼层(共7层)_板楼,近江,395万,单价47092元/平米
599,浅水湾城市花园 ,4室1厅_164平米_南北_精装_中楼层(共18层)_板楼,湖墅,750万,单价45732元/平米
600,西溪蝶园二期 ,3室2厅_141.22平米_南_精装_中楼层(共13层)_板塔结合,西溪,1028万,单价72795元/平米
601,阳光郡 ,3室2厅_89.09平米_南北_精装_中楼层(共28层)_板楼,三墩,385万,单价43215元/平米
602,时代长岛之春 ,3室2厅_128平米_南_精装_低楼层(共6层)_板楼,浦沿,365万,单价28516元/平米
603,万科璞悦湾 ,3室2厅_86.92平米_南北东_精装_中楼层(共34层)_板楼,浦沿,485万,单价55799元/平米
604,翰墨香林苑 ,3室2厅_142.01平米_南_精装_中楼层(共10层)_板楼,小和山,350万,单价24647元/平米
605,临城花苑 ,3室2厅_136.4平米_南_简装_中楼层(共11层)_板楼,临平,218万,单价15983元/平米
606,亲亲家园三期 ,3室2厅_109.14平米_南北_简装_低楼层(共6层)_塔楼,三墩,335万,单价30695元/平米
607,绿洲花园 ,3室2厅_113.43平米_南_简装_中楼层(共16层)_塔楼,流水苑,578万,单价50957元/平米
608,耀翔悦尚 ,3室1厅_88.81平米_南_精装_中楼层(共24层)_板楼,万达广场,380万,单价42788元/平米
609,多蓝水岸银沙苑 ,3室2厅_139.26平米_南北_精装_中楼层(共11层)_板楼,沿江北,352万,单价25277元/平米
610,绿城西子锦兰公寓 ,3室2厅_145.22平米_南_精装_高楼层(共17层)_板楼,大关,960万,单价66107元/平米
611,东方福邸 ,2室1厅_89.01平米_南_毛坯_高楼层(共24层)_板塔结合,申花,448万,单价50332元/平米
612,绿地华家池印 ,3室2厅_137.77平米_南北_精装_低楼层(共26层)_板楼,华家池,960万,单价69682元/平米
613,绿都御景蓝湾 ,3室2厅_88.54平米_南_精装_低楼层(共11层)_板塔结合,义桥,273万,单价30834元/平米
614,马塍路33号 ,3室1厅_75.26平米_南北_简装_高楼层(共5层)_板楼,学军,730万,单价96998元/平米
615,保利江语海 ,3室2厅_89.44平米_南_简装_低楼层(共34层)_板塔结合,高教园区东,390万,单价43605元/平米
616,万家星城二期 ,3室2厅_89.19平米_南_简装_中楼层(共20层)_板楼,三塘,465万,单价52136元/平米
617,红街公寓 ,3室2厅_124.48平米_南_精装_18层_板楼,火车东站,465万,单价37356元/平米
618,左岸花园 ,3室2厅_109.64平米_南_简装_低楼层(共11层)_板楼,拱宸桥,348万,单价31741元/平米
619,绿都四季华庭 ,3室2厅_88.58平米_南_精装_低楼层(共18层)_塔楼,南部卧城,275万,单价31046元/平米
620,万科新都会1958 ,3室2厅_125.25平米_南_精装_中楼层(共15层)_板楼,德胜东,813万,单价64911元/平米
621,丽景西苑 ,4室2厅_148.38平米_南北_精装_15层_板楼,长庆,860万,单价57960元/平米
622,瑞立东方花城 ,3室2厅_86.44平米_南_精装_高楼层(共24层)_板楼,西兴,470万,单价54373元/平米
623,滨江华家池 ,5室2厅_277.45平米_南_精装_高楼层(共27层)_板楼,华家池,1400万,单价50460元/平米
624,万科桂语里 ,4室2厅_146.14平米_南_精装_3层_板楼_联排别墅,良渚,700万,单价47900元/平米
625,华城格之林花园 ,3室2厅_122.15平米_南北_简装_中楼层(共6层)_板楼,临平,233万,单价19075元/平米
626,中尚橄榄树花园（南区） ,3室2厅_123.18平米_南_精装_6层_板楼,崇贤,265万,单价21514元/平米
627,翡翠城二期 ,4室2厅_180.98平米_南北_毛坯_13层_板楼,翡翠城,630万,单价34811元/平米
628,万马樱花公馆 ,3室2厅_103平米_南_简装_6层_板楼,临安,150万,单价14564元/平米
629,九龙仓君廷 ,2室2厅_87.31平米_南_精装_33层_板楼,塘栖,170万,单价19471元/平米
630,绿城西子紫兰公寓 ,4室2厅_160.54平米_西南_毛坯_中楼层(共9层)_板楼,信义坊,920万,单价57307元/平米
631,江南豪园 ,4室2厅_176平米_南西北_简装_14层_板楼,滨江区政府,835万,单价47444元/平米
632,星汇花园 ,3室2厅_99.69平米_南_精装_高楼层(共31层)_板楼,临安,210万,单价21066元/平米
633,星汇花园 ,3室2厅_89.01平米_南_毛坯_中楼层(共34层)_板楼,临安,220万,单价24717元/平米
634,星汇花园 ,3室2厅_134平米_南北_毛坯_高楼层(共32层)_板楼,临安,220万,单价16418元/平米
635,星汇花园 ,4室2厅_142平米_南_毛坯_低楼层(共18层)_板楼,临安,220万,单价15493元/平米
636,元成时代中心 ,3室1厅_42.53平米_北_精装_低楼层(共3层)_板塔结合,工业园北,68万,单价15989元/平米
637,东海水景城 ,3室2厅_139.86平米_南_简装_中楼层(共11层)_板楼,临平,365万,单价26098元/平米
638,滨江曙光之城 ,3室2厅_123.42平米_南_精装_低楼层(共17层)_板楼,火车东站,550万,单价44564元/平米
639,丽晶国际 ,2室1厅_74平米_北_精装_中楼层(共39层)_塔楼,钱江世纪城,255万,单价34460元/平米
640,翠紫苑 ,3室2厅_104.22平米_南_毛坯_中楼层(共7层)_板楼,临安,168万,单价16120元/平米
641,恒晟云中绿园 ,3室2厅_135.07平米_南_精装_高楼层(共16层)_板楼,临安,190万,单价14067元/平米
642,星汇花园 ,3室2厅_100.15平米_南_毛坯_高楼层(共11层)_板楼,临安,220万,单价21968元/平米
643,青山鹤岭 ,3室1厅_128.03平米_东南南西_毛坯_高楼层(共11层)_板塔结合,临安,200万,单价15622元/平米
644,开元名都 ,3室2厅_185.83平米_东南_精装_低楼层(共26层)_板塔结合,萧山市区,460万,单价24754元/平米
645,中尚橄榄树花园（北区） ,3室2厅_92.16平米_南北_简装_6层_板楼,崇贤,225万,单价24415元/平米
646,采荷人家 ,3室2厅_133.78平米_南北_精装_低楼层(共11层)_板楼,采荷,710万,单价53073元/平米
647,星汇花园 ,3室2厅_142平米_南_简装_低楼层(共18层)_板楼,临安,240万,单价16902元/平米
648,绿城云杉郡 ,3室2厅_87.2平米_南_精装_中楼层(共26层)_板楼,临安,180万,单价20643元/平米
649,兰韵天城 ,3室2厅_134.66平米_南_精装_中楼层(共12层)_板楼,三墩,532万,单价39507元/平米
650,星汇花园 ,3室2厅_142.15平米_南_毛坯_中楼层(共28层)_板楼,临安,240万,单价16884元/平米
651,嘉丰万悦城 ,3室2厅_115.2平米_南_毛坯_高楼层(共27层)_板塔结合,临平,205万,单价17796元/平米
652,万马公寓 ,3室2厅_117.58平米_南_精装_中楼层(共6层)_板塔结合,临安,150万,单价12758元/平米
653,亿丰蔚蓝郡 ,4室2厅_85.75平米_南_精装_16层_板楼,良渚,298万,单价34753元/平米
654,文二路21号 ,3室2厅_74.17平米_南_简装_高楼层(共6层)_板楼,学军,760万,单价102468元/平米
655,青山湖玫瑰园 ,4室2厅_206.8平米_南_毛坯_2层_板楼_独栋别墅,临安,820万,单价39652元/平米
656,易辰江南大院 ,5室2厅_183平米_南_毛坯_低楼层(共2层)_板楼,临安,515万,单价28143元/平米
657,大园新城 ,3室2厅_138平米_南_毛坯_低楼层(共26层)_板楼,临安,215万,单价15580元/平米
658,大家栖溪 ,3室2厅_99.4平米_南_毛坯_高楼层(共18层)_板楼,临安,190万,单价19115元/平米
659,春天华府(临天路) ,3室2厅_119.98平米_南北_毛坯_高楼层(共28层)_塔楼,临安,222万,单价18504元/平米
660,西溪公寓 ,3室2厅_128.71平米_南_精装_低楼层(共7层)_板楼,文教,720万,单价55940元/平米
661,招商远洋春秋华庭 ,3室2厅_113.77平米_南北_精装_低楼层(共18层)_塔楼,半山,530万,单价46586元/平米
662,星汇花园 ,3室2厅_89平米_南北_毛坯_中楼层(共34层)_板楼,临安,200万,单价22472元/平米
663,高润云杉郡 ,2室1厅_81.99平米_东西_精装_18层_板塔结合,彩虹城,140万,单价17076元/平米
664,新城龙湖湾上风华 ,4室2厅_119.34平米_南_毛坯_中楼层(共17层)_板楼,丁桥,310万,单价25977元/平米
665,绿城玉兰花园 ,3室2厅_162.64平米_东南北_毛坯_中楼层(共23层)_板楼,临安,265万,单价16294元/平米
666,乾成园 ,3室2厅_135.12平米_南_毛坯_中楼层(共21层)_板楼,三墩,380万,单价28124元/平米
667,雅居乐国际花园 ,4室2厅_127平米_东南_毛坯_高楼层(共33层)_板楼,闲林,325万,单价25591元/平米
668,钱锦花园 ,3室1厅_133.25平米_南_毛坯_高楼层(共21层)_塔楼,临安,186万,单价13959元/平米
669,棋盘弄58号 ,2室2厅_78.42平米_南_精装_中楼层(共7层)_板楼,临安,115万,单价14665元/平米
670,碧桂苑 ,3室2厅_125平米_南北_简装_高楼层(共6层)_板楼,临安,164万,单价13120元/平米
671,星汇花园 ,3室2厅_135.03平米_南_简装_高楼层(共31层)_板楼,临安,233万,单价17256元/平米
672,江南名楼 ,3室2厅_119.82平米_南北东_精装_中楼层(共7层)_板塔结合,临安,175万,单价14606元/平米
673,德圣博奥城 ,4室2厅_144.17平米_东_毛坯_高楼层(共26层)_板楼,萧山新城区,569万,单价39468元/平米
674,樱花府第 ,2室2厅_90.48平米_南北_精装_低楼层(共6层)_塔楼,临安,149万,单价16468元/平米
675,万和国际 ,2室1厅_74.68平米_南_简装_低楼层(共32层)_板楼,钱江世纪城,350万,单价46867元/平米
676,仁良花苑 ,2室2厅_103.31平米_南_简装_高楼层(共15层)_板塔结合,仁和,174万,单价16843元/平米
677,蓝色港湾 ,4室2厅_129.97平米_南_精装_18层_平房,大江东,179万,单价13773元/平米
678,邮电新村 ,2室1厅_55.68平米_南_简装_中楼层(共4层)_板楼,学军,520万,单价93391元/平米
679,新湖菲林山 ,2室1厅_68.26平米_南_精装_中楼层(共7层)_板楼,未来科技城,380万,单价55670元/平米
680,夕照新村 ,1室1厅_42.57平米_南北_简装_高楼层(共6层)_板楼,四季青,250万,单价58727元/平米
681,铁建万科江湾城 ,3室2厅_87.6平米_南_简装_高楼层(共33层)_塔楼,义桥,245万,单价27969元/平米
682,赞成美树 ,3室2厅_86.71平米_南_简装_16层_板楼,勾庄,265万,单价30562元/平米
683,玖玖国际财富中心 ,2室1厅_35.9平米_西_精装_中楼层(共16层)_板楼,临平,61万,单价16992元/平米
684,物华小区 ,2室2厅_70.75平米_南_精装_中楼层(共6层)_板楼,嘉绿,400万,单价56538元/平米
685,采荷新村 ,2室1厅_57.11平米_南_精装_高楼层(共6层)_板楼,采荷,300万,单价52531元/平米
686,弥陀寺路 ,2室1厅_51.73平米_南_简装_高楼层(共6层)_板楼,黄龙,465万,单价89890元/平米
687,景芳新五区 ,2室1厅_52.25平米_南_简装_中楼层(共7层)_板楼,景芳,215万,单价41149元/平米
688,西塘花苑 ,2室1厅_60.06平米_南_毛坯_低楼层(共23层)_板楼,三墩,156万,单价25975元/平米
689,东海·闲湖城 ,3室1厅_118.97平米_南东北_精装_高楼层(共28层)_板楼,闲林,425万,单价35724元/平米
690,梅堰小区 ,2室1厅_59.26平米_南_精装_6层_板楼,临平,150万,单价25313元/平米
691,采荷新村 ,2室1厅_57.11平米_南_精装_高楼层(共6层)_板楼,采荷,300万,单价52531元/平米
692,广厦天都城天漾 ,2室1厅_88.02平米_南_毛坯_中楼层(共17层)_板楼,星桥,195万,单价22155元/平米
693,顺达花苑西区 ,2室1厅_82.39平米_南_其他_13层_板塔结合,临平,183万,单价22212元/平米
694,合丰花苑 ,2室1厅_81.94平米_南_简装_高楼层(共12层)_板塔结合,临平,167万,单价20381元/平米
695,新安天苑 ,2室1厅_85.99平米_南_简装_中楼层(共24层)_塔楼,桥西,480万,单价55821元/平米
696,景芳四区 ,2室1厅_46.08平米_南_精装_中楼层(共7层)_板楼,景芳,220万,单价47744元/平米
697,东田怡丰城 ,2室1厅_30.37平米_西_精装_13层_塔楼,乔司,72万,单价23708元/平米
698,旭辉宝龙东湖城 ,3室2厅_89.73平米_南_精装_21层_板楼,大江东,280万,单价31205元/平米
699,和谐嘉园东苑 ,2室1厅_56.9平米_南_简装_低楼层(共34层)_塔楼,钱江新城,315万,单价55361元/平米
700,未央村 ,2室1厅_52.38平米_南_简装_中楼层(共7层)_板楼,湖滨,416万,单价79420元/平米
701,金隅田员外 ,2室1厅_88.36平米_南北_精装_中楼层(共20层)_板塔结合,半山,275万,单价31123元/平米
702,都市阳光和苑 ,2室1厅_62.23平米_南_简装_22层_板楼,良渚,180万,单价28925元/平米
703,滨江万家名城一期 ,3室2厅_89.75平米_南_毛坯_24层_板楼,万达广场,382万,单价42563元/平米
704,岸上蓝山 ,4室1厅_141.6平米_南_精装_中楼层(共5层)_板塔结合,闲林,339万,单价23941元/平米
705,富越香墅 ,4室2厅_214平米_南北_毛坯_4层_板楼,文一西路,1150万,单价53739元/平米
706,绿都四季花城 ,3室2厅_136.03平米_南_简装_高楼层(共11层)_板楼,南部卧城,470万,单价34552元/平米
707,杭州碧桂园 ,3室1厅_88.65平米_南_精装_中楼层(共33层)_塔楼,大学城北,239万,单价26960元/平米
708,临安宝龙龙沁城 ,3室2厅_95.55平米_南_毛坯_中楼层(共8层)_板楼,临安,180万,单价18839元/平米
709,金色黎明一期 ,3室2厅_137.61平米_南北_精装_中楼层(共16层)_板楼,笕桥,560万,单价40695元/平米
710,恒基旭辉府 ,3室1厅_89.1平米_南_精装_高楼层(共31层)_板楼,崇贤,228万,单价25590元/平米
711,天阳蓝光蔚蓝 ,2室1厅_124平米_南_其他_高楼层(共27层)_板楼,临安,279万,单价22500元/平米
712,钱江候潮府 ,4室2厅_137.64平米_南_精装_低楼层(共17层)_板楼,南星,1790万,单价130050元/平米
713,众安国泰花园 ,4室2厅_179.76平米_南_精装_低楼层(共6层)_板楼,萧山新城区,445万,单价24756元/平米
714,昆仑天籁 ,3室2厅_88.99平米_南北_精装_中楼层(共16层)_板楼,丁桥,290万,单价32588元/平米
715,天阳棕榈湾金水岸 ,3室2厅_118.23平米_南_精装_18层_板楼,良渚,290万,单价24529元/平米
716,绿都金域东方 ,3室1厅_88.32平米_南_简装_高楼层(共11层)_板楼,义桥,206万,单价23325元/平米
717,平瑞瑞和园 ,3室2厅_89平米_南北_精装_11层_板楼,良渚,247万,单价27753元/平米
718,昆盛肖邦 ,4室2厅_116.55平米_东南北_毛坯_中楼层(共17层)_板楼,九堡,348万,单价29859元/平米
719,兰庭国际 ,4室2厅_155.54平米_南_精装_高楼层(共18层)_板楼,文教,1165万,单价74901元/平米
720,星汇荣邸 ,3室1厅_87.16平米_南_精装_高楼层(共29层)_板楼,浦沿,365万,单价41878元/平米
721,中和北宸府 ,3室1厅_135.98平米_南_毛坯_20层_板楼,崇贤,252万,单价18533元/平米
722,大关东二苑 ,3室1厅_77.76平米_东南_精装_低楼层(共7层)_板楼,大关,280万,单价36009元/平米
723,铁建万科江湾城 ,3室2厅_87.87平米_南_精装_高楼层(共34层)_塔楼,义桥,248万,单价28224元/平米
724,保利东湾 ,3室1厅_93.66平米_南_精装_33层_塔楼,沿江南,268万,单价28615元/平米
725,中海西溪华府 ,3室2厅_88.86平米_南_精装_中楼层(共11层)_板塔结合,西溪,660万,单价74275元/平米
726,大家运河之星 ,3室2厅_88.82平米_东南南北_精装_中楼层(共21层)_塔楼,半山,330万,单价37154元/平米
727,西湖家园 ,3室2厅_118.5平米_南_简装_中楼层(共6层)_板塔结合,西溪,400万,单价33756元/平米
728,上尚庭 ,4室2厅_174.16平米_南_精装_22层_板塔结合,申花,1300万,单价74645元/平米
729,万科紫台 ,3室1厅_89.57平米_南_精装_17层_板楼,九堡,348万,单价38853元/平米
730,信鸿花园北区 ,3室2厅_94.29平米_南_简装_6层_板楼,三墩,353万,单价37438元/平米
731,景翠公寓 ,3室2厅_87.34平米_东南北_精装_高楼层(共11层)_板楼,石桥,282万,单价32288元/平米
732,众安景海湾 ,3室2厅_138.28平米_南北_毛坯_中楼层(共29层)_板楼,萧山科技城,335万,单价24227元/平米
733,滨江曙光之城 ,3室2厅_83.98平米_南_精装_高楼层(共15层)_板楼,火车东站,415万,单价49417元/平米
734,九曲营小区 ,3室2厅_92.9平米_南_简装_7层_板楼,临平,165万,单价17762元/平米
735,北景园月桂苑 ,3室2厅_78.66平米_南_简装_高楼层(共6层)_板楼,石桥,230万,单价29240元/平米
736,九龙仓碧玺 ,3室2厅_88.19平米_南_精装_32层_板楼,桥西,720万,单价81642元/平米
737,竹海水韵 ,3室2厅_109.89平米_南北_精装_18层_板楼,闲林,335万,单价30486元/平米
738,新城红郡 ,3室1厅_88平米_南_精装_高楼层(共22层)_板楼,丁桥,288万,单价32728元/平米
739,景瑞阳光城法兰公园 ,3室2厅_86.31平米_南_精装_高楼层(共24层)_板楼,临平,196万,单价22709元/平米
740,依锦苑 ,3室2厅_105.54平米_南_精装_中楼层(共11层)_板楼,半山,320万,单价30321元/平米
741,南苑小区 ,3室1厅_68.5平米_南_简装_高楼层(共6层)_板塔结合,临安,107万,单价15621元/平米
742,新世纪花苑 ,3室2厅_86.8平米_南_精装_6层_板楼,三墩,330万,单价38019元/平米
743,中兴花园 ,3室2厅_125.72平米_南_简装_中楼层(共16层)_板楼,滨江区政府,560万,单价44544元/平米
744,同城印象花苑北区 ,3室1厅_117.28平米_南_精装_高楼层(共16层)_板楼,未来科技城,443万,单价37773元/平米
745,龙湖春江彼岸 ,3室2厅_88.28平米_南北_简装_低楼层(共33层)_塔楼,奥体,630万,单价71364元/平米
746,新工新村 ,2室2厅_61.58平米_南_精装_中楼层(共7层)_板楼,雄镇楼,360万,单价58461元/平米
747,绿城西子紫兰公寓 ,4室2厅_153.57平米_东南南_精装_低楼层(共15层)_板楼,信义坊,930万,单价60559元/平米
748,金地自在城东苑 ,3室1厅_89.36平米_南_精装_26层_板塔结合,三墩,400万,单价44763元/平米
749,融创溪涧堂 ,4室2厅_134.17平米_南北_毛坯_下叠(共5层)_板楼_叠拼别墅,翡翠城,750万,单价55900元/平米
750,赞成岭上花苑 ,3室2厅_89.24平米_南_简装_中楼层(共17层)_板楼,转塘,270万,单价30256元/平米
751,天阳尚景国际 ,3室1厅_89.49平米_南_简装_高楼层(共24层)_板塔结合,申花,660万,单价73752元/平米
752,滨江曙光之城 ,3室2厅_83.98平米_南_精装_高楼层(共15层)_板楼,火车东站,415万,单价49417元/平米
753,众安景海湾 ,3室2厅_138.28平米_南北_毛坯_中楼层(共29层)_板楼,萧山科技城,335万,单价24227元/平米
754,九曲营小区 ,3室2厅_92.9平米_南_简装_7层_板楼,临平,165万,单价17762元/平米
755,竹海水韵 ,3室2厅_109.89平米_南北_精装_18层_板楼,闲林,335万,单价30486元/平米
756,新世纪花苑 ,3室2厅_86.8平米_南_精装_6层_板楼,三墩,330万,单价38019元/平米
757,嘉泰馨庭 ,3室2厅_124.71平米_南_精装_低楼层(共18层)_板楼,桥西,608万,单价48754元/平米
758,万科良渚文化村未来城 ,3室2厅_84.85平米_南_精装_32层_板楼,良渚,320万,单价37714元/平米
759,都市阳光嘉苑 ,3室2厅_82.94平米_南_精装_18层_塔楼,良渚,255万,单价30746元/平米
760,万家花城二期 ,3室2厅_89.38平米_南_精装_中楼层(共18层)_板楼,申花,550万,单价61536元/平米
761,顺达花苑东区 ,2室2厅_83.58平米_南_简装_中楼层(共11层)_板塔结合,临平,161万,单价19263元/平米
762,丽江公寓 ,3室2厅_150.57平米_南_精装_中楼层(共10层)_板楼,九堡,555万,单价36860元/平米
763,万家花城一期 ,4室2厅_158.07平米_南_精装_25层_板楼,申花,950万,单价60100元/平米
764,景芳三区 ,3室1厅_71.35平米_南_简装_低楼层(共6层)_板楼,景芳,290万,单价40645元/平米
765,杭州碧桂园 ,2室1厅_82.45平米_南_简装_高楼层(共32层)_塔楼,大学城北,213万,单价25834元/平米
766,中海定山府 ,3室2厅_88.44平米_东南_精装_高楼层(共17层)_板楼,转塘,316万,单价35731元/平米
767,高教新村 ,3室1厅_92.47平米_南_精装_中楼层(共7层)_板楼,文一西路,765万,单价82730元/平米
768,中豪四季公馆 ,3室2厅_85.33平米_南_精装_高楼层(共16层)_板楼,丁桥,290万,单价33986元/平米
769,东厦东港花苑 ,3室2厅_87.59平米_南西北_简装_高楼层(共17层)_板楼,临平,189万,单价21578元/平米
770,朝晖七区 ,3室1厅_60.82平米_东_简装_7层_板楼,朝晖,230万,单价37817元/平米
771,东田擎天半岛 ,3室2厅_87.24平米_南_精装_低楼层(共26层)_板楼,星桥,210万,单价24072元/平米
772,瑞立东方花城 ,3室1厅_86.75平米_南_精装_低楼层(共24层)_板楼,西兴,415万,单价47839元/平米
773,绿地旭辉城 ,3室1厅_83.42平米_南_精装_低楼层(共48层)_板楼,奥体,670万,单价80317元/平米
774,太和广场 ,3室2厅_112.2平米_南北_精装_中楼层(共32层)_板楼,南星,655万,单价58378元/平米
775,中国铁建江南国际城 ,3室2厅_87.21平米_南北_精装_高楼层(共33层)_塔楼,萧山新城区,450万,单价51600元/平米
776,保利江语海 ,4室2厅_112.79平米_南_精装_低楼层(共34层)_板塔结合,高教园区东,560万,单价49650元/平米
777,滨水名庭 ,4室2厅_191.51平米_南北_精装_高楼层(共18层)_板楼,萧山市区,450万,单价23498元/平米
778,宝亿御景园 ,3室2厅_146.08平米_南_毛坯_高楼层(共7层)_板楼,临安,150万,单价10269元/平米
779,金星桃源居 ,2室1厅_89.94平米_南北_简装_高楼层(共24层)_板塔结合,半山,245万,单价27241元/平米
780,保俶北路90号 ,3室1厅_77.73平米_南_简装_高楼层(共6层)_板楼,文教,528万,单价67928元/平米
781,嘉里桦枫居南区 ,2室2厅_82.13平米_南_精装_低楼层(共16层)_板塔结合,石桥,259万,单价31536元/平米
782,水乡西溪小筑 ,2室2厅_86.71平米_南_精装_中楼层(共5层)_板楼,西溪,335万,单价38635元/平米
783,寰宇天下 ,2室2厅_89.03平米_南_精装_34层_板楼,滨江区政府,550万,单价61777元/平米
784,芳满庭 ,3室1厅_89平米_南_精装_中楼层(共22层)_塔楼,申花,400万,单价44944元/平米
785,近江家园四园 ,4室2厅_164.19平米_南北_精装_高楼层(共11层)_板楼,近江,895万,单价54511元/平米
786,东方俊园 ,3室2厅_122.05平米_南_简装_高楼层(共11层)_板楼,临平,229万,单价18763元/平米
787,三江鸣翠桃源 ,5室2厅_184.96平米_南北_毛坯_高楼层(共5层)_板塔结合,富阳,253万,单价13679元/平米
788,金宇彩虹嘉都 ,5室2厅_211.12平米_南北_毛坯_高楼层(共6层)_板塔结合,富阳,265万,单价12553元/平米
789,北干二苑新安寓 ,3室2厅_111.84平米_南北_简装_6层_板塔结合,萧山市区,290万,单价25930元/平米
790,复泰雅宸华庭 ,4室2厅_232平米_南_毛坯_高楼层(共6层)_板塔结合,未来科技城,265万,单价11423元/平米
791,昆仑公馆 ,4室1厅_301.52平米_南_精装_低楼层(共33层)_板塔结合,朝晖,1700万,单价56382元/平米
792,公元沐桥 ,2室1厅_156.92平米_南_精装_中楼层(共15层)_板楼,之江,490万,单价31227元/平米
793,庭院深深 ,2室2厅_85.88平米_南北_精装_17层_板楼,未来科技城,270万,单价31440元/平米
794,顺发和美家 ,3室2厅_90.03平米_南_简装_低楼层(共36层)_塔楼,钱江世纪城,530万,单价58870元/平米
795,锦昌年华 ,3室2厅_90.05平米_南_精装_中楼层(共16层)_板楼,崇贤,220万,单价24431元/平米
796,荣安翡翠半岛 ,3室2厅_89.95平米_南_精装_31层_板楼,崇贤,250万,单价27794元/平米
797,曙光路121号 ,3室1厅_73.88平米_南_精装_低楼层(共4层)_板楼,黄龙,678万,单价91771元/平米
798,北干一苑 ,3室2厅_120.21平米_东_简装_高楼层(共6层)_板塔结合,萧山市区,300万,单价24957元/平米
799,临平山庄 ,5室2厅_303.21平米_南_精装_3层_板楼_独栋别墅,临平,868万,单价28628元/平米
800,姚家潭公寓 ,2室1厅_61.67平米_南_简装_高楼层(共7层)_板楼,萧山市区,167万,单价27080元/平米
801,欣北钱江国际广场 ,1室1厅_33.71平米_北_简装_低楼层(共20层)_塔楼,塘栖,32万,单价9493元/平米
802,天都花园 ,3室2厅_100.49平米_南_简装_中楼层(共5层)_板楼,临平,180万,单价17913元/平米
803,良渚文化村柳映坊三期 ,4室2厅_136.36平米_南_精装_6层_板楼,良渚,418万,单价30655元/平米
804,广厦天都城天月苑 ,6室2厅_226.67平米_东南_精装_高楼层(共5层)_板楼,星桥,365万,单价16103元/平米
805,东裕华庭 ,3室2厅_88.24平米_南_毛坯_高楼层(共33层)_板楼,大江东,123万,单价13940元/平米
806,观澜时代云邸苑 ,10室4厅_396.03平米_南_精装_高楼层(共36层)_塔楼,沿江南,1100万,单价27776元/平米
807,荣安翡翠半岛 ,4室2厅_125.76平米_南_精装_31层_板楼,崇贤,340万,单价27036元/平米
808,星海云庭 ,3室2厅_132.87平米_南_精装_中楼层(共5层)_板楼,崇贤,250万,单价18816元/平米
809,曙光公寓 ,4室1厅_95.53平米_南北_精装_高楼层(共6层)_板楼,黄龙,800万,单价83744元/平米
810,钱塘帝景 ,4室2厅_250.94平米_南_精装_45层_板楼,彩虹城,1400万,单价55791元/平米
